"","word","in.cs","in.cs.se","chosen","chosen.se"
"1","ABDOMEN",0.886363636363636,0.0478451908136753,0.0769230769230769,0.0401717667590072
"2","ADDICT",0.785714285714286,0.0775443069059728,0.0454545454545455,0.0393647910811109
"3","ALMOND",0.84,0.0733212111192934,0.0476190476190476,0.042591770999996
"4","ANIMAL",0.9,0.0547722557505166,0.148148148148148,0.0648588915385862
"5","BABOON",0.896551724137931,0.056552304164538,0.192307692307692,0.0731850379910949
"6","BAGPIPE",0.807692307692308,0.0772920146604327,0,0
"7","BAKERY",0.818181818181818,0.0822303667030264,0,0
"8","BALCONY",0.774193548387097,0.0750951864835326,0.0416666666666667,0.0358898653839212
"9","BANQUET",0.764705882352941,0.102879368493554,0.230769230769231,0.102186332946934
"10","BAPTISM",0.888888888888889,0.0604812282168686,0.125,0.0636468846521644
"11","BARREL",0.782608695652174,0.0860061487037983,0.111111111111111,0.0655297582910654
"12","BASKET",0.666666666666667,0.136082763487954,0,0
"13","BATTERY",0.666666666666667,0.121716123890037,0,0
"14","BEAVER",0.925925925925926,0.0504010235140572,0.4,0.0942809041582063
"15","BEGGAR",0.869565217391304,0.0702237263554129,0,0
"16","BIKINI",0.967741935483871,0.0317335081830945,0.0666666666666667,0.0448014336688165
"17","BLANKET",0.733333333333333,0.11417984514369,0,0
"18","BUCKET",1,0,0.0769230769230769,0.0739053017561941
"19","BUDGET",0.833333333333333,0.0760725774312731,0,0
"20","BULLET",0.90625,0.0515269763995036,0.103448275862069,0.0538361896413655
"21","CABINET",0.9,0.0670820393249937,0.111111111111111,0.0702728368926307
"22","CAMERA",0.863636363636364,0.0731650049984536,0,0
"23","CANNON",0.857142857142857,0.0935219529582825,0.25,0.115727512471569
"24","CANVAS",0.935483870967742,0.0441236525434218,0.275862068965517,0.0802741648617073
"25","CARROT",0.9,0.0670820393249937,0.166666666666667,0.0833333333333333
"26","CASINO",0.9,0.0547722557505166,0,0
"27","CELERY",0.6875,0.11587810136087,0.0909090909090909,0.0718699468220086
"28","CHICKEN",0.928571428571429,0.0688302936899594,0.0769230769230769,0.0712169307517347
"29","CHIMNEY",0.782608695652174,0.0860061487037983,0.111111111111111,0.0655297582910654
"30","CHORUS",0.833333333333333,0.0760725774312731,0.25,0.0883883476483184
"31","CHURCH",1,0,0,0
"32","COFFEE",0.956521739130435,0.0425225779932022,0.0454545454545455,0.0434333220866322
"33","COFFIN",0.875,0.0675077156084152,0,0
"34","COSTUME",0.863636363636364,0.0731650049984536,0.210526315789474,0.08691819198366
"35","CRICKET",0.823529411764706,0.0924594409403972,0.0714285714285714,0.062462473728229
"36","DAGGER",0.904761904761905,0.0640564484890047,0.105263157894737,0.0669693695031949
"37","DEMON",0.947368421052632,0.0512278171991882,0.0555555555555556,0.052550294607051
"38","DOLLAR",0.91304347826087,0.0587533847558414,0,0
"39","DOMINO",0.789473684210526,0.0935287701724883,0.133333333333333,0.0779863535820802
"40","DRAGON",0.904761904761905,0.0640564484890047,0.0526315789473684,0.0487273736722396
"41","EARDRUM",0.782608695652174,0.0860061487037983,0.222222222222222,0.086687721956166
"42","FACTORY",0.914285714285714,0.0473187812120472,0.1875,0.0659748328639684
"43","FIREFLY",0.95,0.0487339717240448,0,0
"44","FIREMAN",1,0,0.1875,0.097578093724975
"45","FLIGHT",0.826086956521739,0.0790341964475118,0,0
"46","FORGERY",1,0,0.0588235294117647,0.0570672058909019
"47","FRIEND",0.923076923076923,0.0522589400374429,0.0833333333333333,0.0542036362989992
"48","GIRAFFE",0.888888888888889,0.0604812282168686,0.0833333333333333,0.0531903948753521
"49","GOGGLES",0.866666666666667,0.0620632890834175,0.0384615384615385,0.0351104203528953
"50","HEAVEN",0.96551724137931,0.0338830127200357,0.142857142857143,0.0649798323067631
"51","HERMIT",0.928571428571429,0.0486703674192319,0.0769230769230769,0.0503579746698444
"52","JACKET",0.9375,0.0605153647844909,0,0
"53","JAVELIN",0.875,0.0675077156084152,0,0
"54","JUNGLE",0.777777777777778,0.0979907892986885,0,0
"55","KIDNEY",0.846153846153846,0.100068251628922,0,0
"56","LIQUID",0.833333333333333,0.0878410461157883,0.133333333333333,0.0801233616769775
"57","MAGNET",0.875,0.0826797284707685,0.0714285714285714,0.0643848442047141
"58","MONKEY",0.916666666666667,0.0797855923130282,0,0
"59","MUFFIN",0.904761904761905,0.0640564484890047,0.0526315789473684,0.0487273736722396
"60","PARENT",1,0,0.0416666666666667,0.04078937543219
"61","PEACOCK",0.9,0.0670820393249937,0.166666666666667,0.0833333333333333
"62","PEANUT",0.769230769230769,0.116854542355808,0,0
"63","PENGUIN",0.884615384615385,0.0626562680016194,0.173913043478261,0.0743348186317487
"64","PICKLE",0.769230769230769,0.116854542355808,0.1,0.0832050294337844
"65","PICTURE",0.588235294117647,0.119364624987269,0.1,0.0727606875108999
"66","PILLAR",0.8,0.0894427190999916,0,0
"67","PLANET",0.833333333333333,0.107582870727984,0.1,0.0866025403784439
"68","PRIEST",0.947368421052632,0.0512278171991882,0.111111111111111,0.07209840939145
"69","PUMPKIN",0.952380952380952,0.0464714320451683,0.1,0.0654653670707977
"70","ROYALTY",0.90625,0.0515269763995036,0.137931034482759,0.0609574811367713
"71","SCIENCE",0.75,0.153093108923949,0,0
"72","SHIVER",0.666666666666667,0.111111111111111,0.333333333333333,0.111111111111111
"73","SILVER",1,0,0.1,0.0670820393249937
"74","SMOKER",0.857142857142857,0.0935219529582825,0,0
"75","SPATULA",0.9,0.0547722557505166,0.185185185185185,0.0709205265004695
"76","SPIRAL",0.961538461538462,0.0377146413727277,0.16,0.0718973627418334
"77","SPONGE",1,0,0,0
"78","SUMMER",0.791666666666667,0.0828981693493981,0,0
"79","SUNBURN",0.903225806451613,0.0531003155969743,0.142857142857143,0.06284876358058
"80","TENNIS",0.769230769230769,0.116854542355808,0.1,0.0832050294337844
"81","THRONE",1,0,0.0476190476190476,0.0464714320451682
"82","TONGUE",0.806451612903226,0.0709582814619451,0.04,0.0351953076051248
"83","TRAFFIC",0.807692307692308,0.0772920146604327,0,0
"84","TRIVIA",0.861111111111111,0.0576384240647626,0.290322580645161,0.0756518670939263
"85","TURKEY",0.714285714285714,0.120736322104074,0,0
"86","WAFFLE",0.8,0.0894427190999916,0,0
"87","WALNUT",0.823529411764706,0.0924594409403972,0,0
"88","WALRUS",0.925925925925926,0.0504010235140572,0.24,0.082192186706253
