,num_actions,action_cost,r,agent,utility
0,20,2,0.25,1,245.25582611143562
1,20,2,0.25,2,472.1209678424327
2,20,2,0.25,3,569.0456984987269
3,20,2,0.25,4,624.2185323782109
4,20,2,0.25,5,687.1562517393198
5,20,2,0.25,7,782.2908213620619
6,20,2,0.25,9,821.188768232841
7,20,2,0.25,12,864.977239118638
8,20,2,0.25,15,893.6533112062045
9,20,2,0.25,20,909.50303249168
10,20,2,0.25,Optimal,931.6552620118757
11,20,2,0.25,Dynamic,910.3400631223419
0,20,2,0.5,1,483.83664327554396
1,20,2,0.5,2,716.3661656181579
2,20,2,0.5,3,792.1212310267117
3,20,2,0.5,4,822.5414449534989
4,20,2,0.5,5,844.3184637844387
5,20,2,0.5,7,894.1385433040659
6,20,2,0.5,9,904.6523872440818
7,20,2,0.5,12,912.49240410139
8,20,2,0.5,15,919.5811867294751
9,20,2,0.5,20,915.7627977387128
10,20,2,0.5,Optimal,944.6749689694688
11,20,2,0.5,Dynamic,922.8275637495531
0,20,2,0.7,1,626.2981785970317
1,20,2,0.7,2,764.3332669831958
2,20,2,0.7,3,811.2879815195432
3,20,2,0.7,4,838.4123436959712
4,20,2,0.7,5,863.2797828685966
5,20,2,0.7,7,882.822054250936
6,20,2,0.7,9,891.886802392681
7,20,2,0.7,12,888.5250285514237
8,20,2,0.7,15,887.6202030605648
9,20,2,0.7,20,882.6647476437425
10,20,2,0.7,Optimal,912.7435902235977
11,20,2,0.7,Dynamic,891.0912722397536
0,20,2,0.8,1,733.4111380883612
1,20,2,0.8,2,823.1520867326581
2,20,2,0.8,3,852.2166992034021
3,20,2,0.8,4,861.8278007128945
4,20,2,0.8,5,868.1324431795547
5,20,2,0.8,7,867.8878549608947
6,20,2,0.8,9,866.5081464969838
7,20,2,0.8,12,867.6452047277531
8,20,2,0.8,15,862.4877981906492
9,20,2,0.8,20,853.6144669335438
10,20,2,0.8,Optimal,884.9775677807924
11,20,2,0.8,Dynamic,874.232264801697
0,20,2,0.85,1,796.9855080079974
1,20,2,0.85,2,875.8046005359662
2,20,2,0.85,3,905.6458846457946
3,20,2,0.85,4,914.0886253630841
4,20,2,0.85,5,917.9092756971008
5,20,2,0.85,7,924.2241919286538
6,20,2,0.85,9,920.6896687204546
7,20,2,0.85,12,915.0757073258178
8,20,2,0.85,15,912.5426204879009
9,20,2,0.85,20,903.1543219232107
10,20,2,0.85,Optimal,936.5114844015125
11,20,2,0.85,Dynamic,926.2821794631013
0,20,2,0.9,1,864.9303369053288
1,20,2,0.9,2,914.3392979133428
2,20,2,0.9,3,921.9805997087881
3,20,2,0.9,4,926.7008943361818
4,20,2,0.9,5,929.4586598464697
5,20,2,0.9,7,927.7708968549019
6,20,2,0.9,9,924.0147393777569
7,20,2,0.9,12,918.3805031620388
8,20,2,0.9,15,912.7462669463208
9,20,2,0.9,20,903.3558732534574
10,20,2,0.9,Optimal,937.5493110100593
11,20,2,0.9,Dynamic,932.5522467208866
0,20,2,0.95,1,885.6449623967605
1,20,2,0.95,2,925.4680574756676
2,20,2,0.95,3,932.0658742397048
3,20,2,0.95,4,932.003907372949
4,20,2,0.95,5,930.1286480019775
5,20,2,0.95,7,926.3781292600338
6,20,2,0.95,9,922.6687491241057
7,20,2,0.95,12,917.0427201660318
8,20,2,0.95,15,911.416691207958
9,20,2,0.95,20,902.0399762778351
10,20,2,0.95,Optimal,936.8479335470645
11,20,2,0.95,Dynamic,932.9852442682712
0,20,2,1.0,1,945.7915064598055
1,20,2,1.0,2,943.8999234468859
2,20,2,1.0,3,942.0083404339664
3,20,2,1.0,4,940.1167574210465
4,20,2,1.0,5,938.2251744081269
5,20,2,1.0,7,934.442008382288
6,20,2,1.0,9,930.6588423564488
7,20,2,1.0,12,924.9840933176898
8,20,2,1.0,15,919.3093442789309
9,20,2,1.0,20,909.8514292143329
10,20,2,1.0,Optimal,945.7915064598055
11,20,2,1.0,Dynamic,945.7915064598055
0,20,5,0.25,1,86.65907863636112
1,20,5,0.25,2,187.86898351233023
2,20,5,0.25,3,241.5147820771203
3,20,5,0.25,4,274.0681907564516
4,20,5,0.25,5,291.82583111273277
5,20,5,0.25,7,316.6818334605183
6,20,5,0.25,9,334.045439645227
7,20,5,0.25,12,347.5540946033848
8,20,5,0.25,15,349.78002975632006
9,20,5,0.25,20,346.7817846189225
10,20,5,0.25,Optimal,370.76383230476625
11,20,5,0.25,Dynamic,349.5469464356281
0,20,5,0.5,1,194.22003710432173
1,20,5,0.5,2,274.36659089477575
2,20,5,0.5,3,298.15785683893677
3,20,5,0.5,4,314.0366847969746
4,20,5,0.5,5,332.205506443367
5,20,5,0.5,7,348.8269325027393
6,20,5,0.5,9,354.71875682604536
7,20,5,0.5,12,355.31264920408915
8,20,5,0.5,15,353.5026518543335
9,20,5,0.5,20,344.7882223859132
10,20,5,0.5,Optimal,374.00194494391786
11,20,5,0.5,Dynamic,355.7611603019268
0,20,5,0.7,1,264.9563815649539
1,20,5,0.7,2,308.4505011992922
2,20,5,0.7,3,334.0709350970443
3,20,5,0.7,4,341.23880579396086
4,20,5,0.7,5,351.18303593175006
5,20,5,0.7,7,355.15154579230096
6,20,5,0.7,9,360.1403713701472
7,20,5,0.7,12,355.9296825569103
8,20,5,0.7,15,350.4246346568583
9,20,5,0.7,20,341.7427482490735
10,20,5,0.7,Optimal,373.47048999410777
11,20,5,0.7,Dynamic,361.9735815534695
0,20,5,0.8,1,287.30443515561694
1,20,5,0.8,2,331.2897629196247
2,20,5,0.8,3,343.80656340625205
3,20,5,0.8,4,351.1589518943421
4,20,5,0.8,5,355.9074775061672
5,20,5,0.8,7,355.65032613677744
6,20,5,0.8,9,354.8088319716148
7,20,5,0.8,12,349.9167014003464
8,20,5,0.8,15,344.36246804478526
9,20,5,0.8,20,335.32572663786164
10,20,5,0.8,Optimal,367.6704862924125
11,20,5,0.8,Dynamic,357.4091697508107
0,20,5,0.85,1,306.60902810449755
1,20,5,0.85,2,331.33054376439645
2,20,5,0.85,3,340.4443467242617
3,20,5,0.85,4,344.4762869988543
4,20,5,0.85,5,346.07423769026974
5,20,5,0.85,7,344.21263147509586
6,20,5,0.85,9,341.90666694418707
7,20,5,0.85,12,336.7681464517837
8,20,5,0.85,15,332.3212564531995
9,20,5,0.85,20,323.3878893442425
10,20,5,0.85,Optimal,355.35423671280046
11,20,5,0.85,Dynamic,346.32251957621537
0,20,5,0.9,1,347.497856796885
1,20,5,0.9,2,363.84824665067987
2,20,5,0.9,3,370.8304019940533
3,20,5,0.9,4,370.9245326646232
4,20,5,0.9,5,369.96876567684825
5,20,5,0.9,7,367.626797508965
6,20,5,0.9,9,363.83683052433645
7,20,5,0.9,12,358.5221045960023
8,20,5,0.9,15,352.8312775389229
9,20,5,0.9,20,343.3465657771238
10,20,5,0.9,Optimal,377.8547186344476
11,20,5,0.9,Dynamic,373.1328966627713
0,20,5,0.95,1,346.16207270488013
1,20,5,0.95,2,362.4635727477102
2,20,5,0.95,3,365.0879742440206
3,20,5,0.95,4,365.3797598915812
4,20,5,0.95,5,363.6927512235491
5,20,5,0.95,7,360.42882981346884
6,20,5,0.95,9,356.71306868137117
7,20,5,0.95,12,351.3757123148047
8,20,5,0.95,15,345.79832005583967
9,20,5,0.95,20,336.50266629089776
10,20,5,0.95,Optimal,370.81942106498286
11,20,5,0.95,Dynamic,367.49691374670147
0,20,5,1.0,1,371.2746186500678
1,20,5,1.0,2,369.4182455568175
2,20,5,1.0,3,367.5618724635671
3,20,5,1.0,4,365.7054993703168
4,20,5,1.0,5,363.8491262770665
5,20,5,1.0,7,360.1363800905658
6,20,5,1.0,9,356.423633904065
7,20,5,1.0,12,350.8545146243141
8,20,5,1.0,15,345.2853953445631
9,20,5,1.0,20,336.0035298783114
10,20,5,1.0,Optimal,371.2746186500678
11,20,5,1.0,Dynamic,371.2746186500678
0,20,10,0.25,1,42.90912393964719
1,20,10,0.25,2,99.94849711150941
2,20,10,0.25,3,117.37382937340351
3,20,10,0.25,4,133.48315863266293
4,20,10,0.25,5,141.3080634177467
5,20,10,0.25,7,151.9978574666788
6,20,10,0.25,9,155.84406026586143
7,20,10,0.25,12,155.88514541753807
8,20,10,0.25,15,153.3478275099012
9,20,10,0.25,20,148.20194250816158
10,20,10,0.25,Optimal,172.70966514870338
11,20,10,0.25,Dynamic,155.11780386823023
0,20,10,0.5,1,86.36869287516576
1,20,10,0.5,2,121.62172406314701
2,20,10,0.5,3,142.77911995803362
3,20,10,0.5,4,152.3200929811883
4,20,10,0.5,5,156.8755631275588
5,20,10,0.5,7,164.6330044509858
6,20,10,0.5,9,168.2037453065415
7,20,10,0.5,12,164.54833888791433
8,20,10,0.5,15,159.8260105132077
9,20,10,0.5,20,151.45303446425808
10,20,10,0.5,Optimal,180.111571786211
11,20,10,0.5,Dynamic,168.12498505056163
0,20,10,0.7,1,132.40381038017057
1,20,10,0.7,2,153.58039036532998
2,20,10,0.7,3,167.62120389367516
3,20,10,0.7,4,169.4664904468542
4,20,10,0.7,5,171.54201003326904
5,20,10,0.7,7,170.56220039884153
6,20,10,0.7,9,169.027570103529
7,20,10,0.7,12,163.84935059935822
8,20,10,0.7,15,159.24966696464637
9,20,10,0.7,20,150.1158377410583
10,20,10,0.7,Optimal,181.34303565875922
11,20,10,0.7,Dynamic,171.94864417038022
0,20,10,0.8,1,144.24759648993026
1,20,10,0.8,2,161.9702005813216
2,20,10,0.8,3,166.3189295117067
3,20,10,0.8,4,166.78971821847708
4,20,10,0.8,5,166.37989599402647
5,20,10,0.8,7,165.239175024469
6,20,10,0.8,9,162.0017109130343
7,20,10,0.8,12,158.2377278570104
8,20,10,0.8,15,152.9038718618303
9,20,10,0.8,20,144.01411186986346
10,20,10,0.8,Optimal,175.24632116677702
11,20,10,0.8,Dynamic,167.98683855623273
0,20,10,0.85,1,147.45949991456777
1,20,10,0.85,2,167.74583715536136
2,20,10,0.85,3,171.10903462482278
3,20,10,0.85,4,170.52754514603575
4,20,10,0.85,5,170.4609675089582
5,20,10,0.85,7,169.40310108498784
6,20,10,0.85,9,166.07321411689156
7,20,10,0.85,12,161.18079262579792
8,20,10,0.85,15,155.74773220020919
9,20,10,0.85,20,146.69263149089468
10,20,10,0.85,Optimal,179.02019390197
11,20,10,0.85,Dynamic,172.06609645381985
0,20,10,0.9,1,159.0855422916962
1,20,10,0.9,2,174.33107769678497
2,20,10,0.9,3,177.20928783516035
3,20,10,0.9,4,177.27784880800166
4,20,10,0.9,5,176.34335136808096
5,20,10,0.9,7,173.01463626979685
6,20,10,0.9,9,170.2404829302834
7,20,10,0.9,12,164.68916283473067
8,20,10,0.9,15,159.13784273917798
9,20,10,0.9,20,149.88564257992343
10,20,10,0.9,Optimal,183.50083661521043
11,20,10,0.9,Dynamic,179.4551291658012
0,20,10,0.95,1,170.75614117522568
1,20,10,0.95,2,175.40938332378897
2,20,10,0.95,3,175.83660424588757
3,20,10,0.95,4,174.8536655416938
4,20,10,0.95,5,173.05105043301648
5,20,10,0.95,7,169.4950005963792
6,20,10,0.95,9,166.05982427154916
7,20,10,0.95,12,160.64483000182474
8,20,10,0.95,15,155.2298357321003
9,20,10,0.95,20,146.20484528255957
10,20,10,0.95,Optimal,179.69344639237428
11,20,10,0.95,Dynamic,177.03766377560711
0,20,10,1.0,1,185.400762554951
1,20,10,1.0,2,183.54675492940152
2,20,10,1.0,3,181.692747303852
3,20,10,1.0,4,179.8387396783025
4,20,10,1.0,5,177.98473205275297
5,20,10,1.0,7,174.27671680165392
6,20,10,1.0,9,170.56870155055495
7,20,10,1.0,12,165.00667867390638
8,20,10,1.0,15,159.4446557972579
9,20,10,1.0,20,150.17461766951033
10,20,10,1.0,Optimal,185.400762554951
11,20,10,1.0,Dynamic,185.400762554951
0,20,25,0.25,1,21.77311105423975
1,20,25,0.25,2,42.97319468467647
2,20,25,0.25,3,49.07228573868201
3,20,25,0.25,4,53.574198966829336
4,20,25,0.25,5,55.37746626186035
5,20,25,0.25,7,56.277775900661766
6,20,25,0.25,9,55.78081979834335
7,20,25,0.25,12,52.78652236120948
8,20,25,0.25,15,48.72773685218411
9,20,25,0.25,20,40.233013344942
10,20,25,0.25,Optimal,66.34307913113155
11,20,25,0.25,Dynamic,56.313521105685865
0,20,25,0.5,1,41.30291758991222
1,20,25,0.5,2,60.292053356233765
2,20,25,0.5,3,64.1942400203353
3,20,25,0.5,4,65.34709126868361
4,20,25,0.5,5,64.63654444017568
5,20,25,0.5,7,63.08325509895842
6,20,25,0.5,9,61.30741021767188
7,20,25,0.5,12,56.203968464705646
8,20,25,0.5,15,51.10564946396688
9,20,25,0.5,20,41.51743904998664
10,20,25,0.5,Optimal,72.95446145301376
11,20,25,0.5,Dynamic,63.654870046738104
0,20,25,0.7,1,47.39813807786297
1,20,25,0.7,2,63.19344424173587
2,20,25,0.7,3,64.40748520523795
3,20,25,0.7,4,65.07813640956107
4,20,25,0.7,5,64.58383264671924
5,20,25,0.7,7,62.278425694496946
6,20,25,0.7,9,59.06770021637638
7,20,25,0.7,12,53.898843235352395
8,20,25,0.7,15,48.63696786257863
9,20,25,0.7,20,39.32056780625751
10,20,25,0.7,Optimal,70.93900211509415
11,20,25,0.7,Dynamic,65.24125339053826
0,20,25,0.8,1,56.96576013170384
1,20,25,0.8,2,64.4663605080708
2,20,25,0.8,3,65.82796070246462
3,20,25,0.8,4,65.68456962966619
4,20,25,0.8,5,64.71402995368881
5,20,25,0.8,7,61.53414668346353
6,20,25,0.8,9,58.41469715551587
7,20,25,0.8,12,52.98782359752593
8,20,25,0.8,15,47.50632460467843
9,20,25,0.8,20,38.370492949932576
10,20,25,0.8,Optimal,70.98882598752103
11,20,25,0.8,Dynamic,66.31411046979453
0,20,25,0.85,1,66.60945590190695
1,20,25,0.85,2,71.1267873354609
2,20,25,0.85,3,70.97836292818307
3,20,25,0.85,4,69.46436360473979
4,20,25,0.85,5,68.0115026005697
5,20,25,0.85,7,64.55426934640947
6,20,25,0.85,9,61.15791923553198
7,20,25,0.85,12,55.42436430720085
8,20,25,0.85,15,49.69080937886974
9,20,25,0.85,20,40.13488449831786
10,20,25,0.85,Optimal,74.69275196283034
11,20,25,0.85,Dynamic,71.31461450612326
0,20,25,0.9,1,59.46298533733599
1,20,25,0.9,2,64.1444093812542
2,20,25,0.9,3,64.41079239863356
3,20,25,0.9,4,63.29781141647654
4,20,25,0.9,5,61.796979964711774
5,20,25,0.9,7,58.46894068020079
6,20,25,0.9,9,55.118942817350536
7,20,25,0.9,12,49.951541928223925
8,20,25,0.9,15,44.784141039097314
9,20,25,0.9,20,36.171806223886286
10,20,25,0.9,Optimal,67.5207850999454
11,20,25,0.9,Dynamic,64.83768709150492
0,20,25,0.95,1,70.9662077333801
1,20,25,0.95,2,71.93741558961212
2,20,25,0.95,3,71.3248789195538
3,20,25,0.95,4,69.44790842167079
4,20,25,0.95,5,67.67765947210145
5,20,25,0.95,7,63.917789501429134
6,20,25,0.95,9,60.15791953075684
7,20,25,0.95,12,54.518114574748395
8,20,25,0.95,15,48.87830961873994
9,20,25,0.95,20,39.47863469205919
10,20,25,0.95,Optimal,74.46085123293113
11,20,25,0.95,Dynamic,72.81493318930701
0,20,25,1.0,1,74.22020274895527
1,20,25,1.0,2,72.36469768023139
2,20,25,1.0,3,70.5091926115075
3,20,25,1.0,4,68.65368754278363
4,20,25,1.0,5,66.79818247405974
5,20,25,1.0,7,63.087172336611985
6,20,25,1.0,9,59.37616219916422
7,20,25,1.0,12,53.80964699299258
8,20,25,1.0,15,48.243131786820925
9,20,25,1.0,20,38.965606443201516
10,20,25,1.0,Optimal,74.22020274895527
11,20,25,1.0,Dynamic,74.22020274895527
0,20,50,0.25,1,7.1793312702845515
1,20,50,0.25,2,18.059358477857945
2,20,50,0.25,3,21.404112085187535
3,20,50,0.25,4,23.678905485218344
4,20,50,0.25,5,25.421044989721082
5,20,50,0.25,7,24.5893276293187
6,20,50,0.25,9,21.741424578035254
7,20,50,0.25,12,16.748200945006378
8,20,50,0.25,15,11.415555823133927
9,20,50,0.25,20,1.9509659776872863
10,20,50,0.25,Optimal,30.313957199283198
11,20,50,0.25,Dynamic,25.7658932339884
0,20,50,0.5,1,21.319021609286263
1,20,50,0.5,2,25.91247433392593
2,20,50,0.5,3,27.148858026485094
3,20,50,0.5,4,26.62974382012229
4,20,50,0.5,5,26.517184721552248
5,20,50,0.5,7,24.481423723683257
6,20,50,0.5,9,21.675333549814226
7,20,50,0.5,12,16.552307992413674
8,20,50,0.5,15,11.215395227811747
9,20,50,0.5,20,1.8842986149899994
10,20,50,0.5,Optimal,32.510871301738355
11,20,50,0.5,Dynamic,27.07429185177027
0,20,50,0.7,1,24.354714642578397
1,20,50,0.7,2,29.692679096456942
2,20,50,0.7,3,29.111354516090856
3,20,50,0.7,4,28.090527990877423
4,20,50,0.7,5,27.20534154373485
5,20,50,0.7,7,24.290677361781864
6,20,50,0.7,9,21.092810314092567
7,20,50,0.7,12,15.988625427552508
8,20,50,0.7,15,10.754986389889668
9,20,50,0.7,20,1.7924977316482775
10,20,50,0.7,Optimal,32.38868117401337
11,20,50,0.7,Dynamic,29.576072829569075
0,20,50,0.8,1,28.593978454930962
1,20,50,0.8,2,30.616676910322408
2,20,50,0.8,3,30.200274441420657
3,20,50,0.8,4,29.444472633572488
4,20,50,0.8,5,27.934329323338883
5,20,50,0.8,7,25.05365958556054
6,20,50,0.8,9,21.474565359051898
7,20,50,0.8,12,16.105924019288924
8,20,50,0.8,15,10.737282679525949
9,20,50,0.8,20,1.789547113254325
10,20,50,0.8,Optimal,33.84765304886903
11,20,50,0.8,Dynamic,30.801606905937106
0,20,50,0.85,1,30.332095807912452
1,20,50,0.85,2,32.24886925939179
2,20,50,0.85,3,31.522653651356983
3,20,50,0.85,4,30.60738330937275
4,20,50,0.85,5,29.125263494052938
5,20,50,0.85,7,25.57722957223608
6,20,50,0.85,9,22.06969469660451
7,20,50,0.85,12,16.581285526052376
8,20,50,0.85,15,11.054190350701587
9,20,50,0.85,20,1.8423650584502644
10,20,50,0.85,Optimal,34.82958606220709
11,20,50,0.85,Dynamic,32.113184455656935
0,20,50,0.9,1,33.86751867292126
1,20,50,0.9,2,33.99474412040722
2,20,50,0.9,3,32.73409913275803
3,20,50,0.9,4,31.06118904932581
4,20,50,0.9,5,29.26585983059184
5,20,50,0.9,7,25.824230128611653
6,20,50,0.9,9,22.20337474356177
7,20,50,0.9,12,16.652531057671332
8,20,50,0.9,15,11.101687371780885
9,20,50,0.9,20,1.8502812286301478
10,20,50,0.9,Optimal,35.828699411456306
11,20,50,0.9,Dynamic,34.768898011959436
0,20,50,0.95,1,34.6919199864918
1,20,50,0.95,2,34.12116818092035
2,20,50,0.95,3,32.972139409860574
3,20,50,0.95,4,31.26574228967995
4,20,50,0.95,5,29.426580978522303
5,20,50,0.95,7,25.74825835620702
6,20,50,0.95,9,22.06993573389173
7,20,50,0.95,12,16.552451800418797
8,20,50,0.95,15,11.034967866945864
9,20,50,0.95,20,1.839161311157644
10,20,50,0.95,Optimal,36.05382502790201
11,20,50,0.95,Dynamic,35.03030424059249
0,20,50,1.0,1,37.24635803023226
1,20,50,1.0,2,35.38404012872064
2,20,50,1.0,3,33.52172222720903
3,20,50,1.0,4,31.659404325697416
4,20,50,1.0,5,29.79708642418581
5,20,50,1.0,7,26.072450621162574
6,20,50,1.0,9,22.34781481813935
7,20,50,1.0,12,16.760861113604516
8,20,50,1.0,15,11.173907409069676
9,20,50,1.0,20,1.8623179015116131
10,20,50,1.0,Optimal,37.24635803023226
11,20,50,1.0,Dynamic,37.24635803023226
0,20,100,0.25,1,4.582893593530091
1,20,100,0.25,2,8.760491857462714
2,20,100,0.25,3,9.911731940117996
3,20,100,0.25,4,9.167784385259349
4,20,100,0.25,5,8.482347892631722
5,20,100,0.25,7,6.5916311941431625
6,20,100,0.25,9,3.5198236697505565
7,20,100,0.25,12,-1.8665203766523701
8,20,100,0.25,15,-7.712565055908442
9,20,100,0.25,20,-17.688729527505867
10,20,100,0.25,Optimal,12.259832720905681
11,20,100,0.25,Dynamic,9.392253037488803
0,20,100,0.5,1,8.400929710502234
1,20,100,0.5,2,10.619153140739442
2,20,100,0.5,3,11.097020508524245
3,20,100,0.5,4,10.632175829645217
4,20,100,0.5,5,9.377766998904445
5,20,100,0.5,7,6.649638460000123
6,20,100,0.5,9,3.394857501870927
7,20,100,0.5,12,-1.7276763746523947
8,20,100,0.5,15,-6.947850710451064
9,20,100,0.5,20,-15.712325969967393
10,20,100,0.5,Optimal,13.678677556533543
11,20,100,0.5,Dynamic,11.058092796744875
0,20,100,0.7,1,13.963290366285085
1,20,100,0.7,2,14.557032655721606
2,20,100,0.7,3,13.760034965776244
3,20,100,0.7,4,12.52366094233284
4,20,100,0.7,5,10.8183120123405
5,20,100,0.7,7,7.33678544354218
6,20,100,0.7,9,3.7363677388588847
7,20,100,0.7,12,-1.8773053326194544
8,20,100,0.7,15,-7.523004801700699
9,20,100,0.7,20,-16.926760803826575
10,20,100,0.7,Optimal,16.63472558273283
11,20,100,0.7,Dynamic,14.388090484910874
0,20,100,0.8,1,15.385645874446668
1,20,100,0.8,2,15.710034934407622
2,20,100,0.8,3,14.658106843151705
3,20,100,0.8,4,13.119548535809313
4,20,100,0.8,5,11.364123506934568
5,20,100,0.8,7,7.7363536341924375
6,20,100,0.8,9,3.8950375918033036
7,20,100,0.8,12,-1.949889323973502
8,20,100,0.8,15,-7.830026317730897
9,20,100,0.8,20,-17.617559214894513
10,20,100,0.8,Optimal,17.568698982988266
11,20,100,0.8,Dynamic,16.041357764515823
0,20,100,0.85,1,16.563143178346014
1,20,100,0.85,2,16.195578407753327
2,20,100,0.85,3,14.825929643252914
3,20,100,0.85,4,13.131780531158672
4,20,100,0.85,5,11.385702429403874
5,20,100,0.85,7,7.7282845627398045
6,20,100,0.85,9,3.8641422813699022
7,20,100,0.85,12,-1.9320711406849511
8,20,100,0.85,15,-7.7282845627398045
9,20,100,0.85,20,-17.388640266164558
10,20,100,0.85,Optimal,17.990409188784596
11,20,100,0.85,Dynamic,16.60263127476638
0,20,100,0.9,1,18.073712519825964
1,20,100,0.9,2,17.56623323918831
2,20,100,0.9,3,15.724194339765031
3,20,100,0.9,4,13.805414716748837
4,20,100,0.9,5,11.851335836239329
5,20,100,0.9,7,7.913463176451464
6,20,100,0.9,9,3.9670118948279196
7,20,100,0.9,12,-1.9835059474139598
8,20,100,0.9,15,-7.934023789655839
9,20,100,0.9,20,-17.85155352672564
10,20,100,0.9,Optimal,19.044586960594962
11,20,100,0.9,Dynamic,18.282524107596306
0,20,100,0.95,1,18.443607235800524
1,20,100,0.95,2,17.305719070947806
2,20,100,0.95,3,15.558452069557111
3,20,100,0.95,4,13.678795591315213
4,20,100,0.95,5,11.735996952440553
5,20,100,0.95,7,7.836499901849335
6,20,100,0.95,9,3.9182499509246673
7,20,100,0.95,12,-1.9591249754623337
8,20,100,0.95,15,-7.836499901849335
9,20,100,0.95,20,-17.632124779161003
10,20,100,0.95,Optimal,18.96888185491775
11,20,100,0.95,Dynamic,18.432931207623483
0,20,100,1.0,1,18.470879809809606
1,20,100,1.0,2,16.623791828828647
2,20,100,1.0,3,14.776703847847687
3,20,100,1.0,4,12.929615866866728
4,20,100,1.0,5,11.082527885885767
5,20,100,1.0,7,7.388351923923843
6,20,100,1.0,9,3.6941759619619217
7,20,100,1.0,12,-1.8470879809809608
8,20,100,1.0,15,-7.388351923923843
9,20,100,1.0,20,-16.623791828828647
10,20,100,1.0,Optimal,18.470879809809606
11,20,100,1.0,Dynamic,18.470879809809606
0,100,2,0.25,1,297.59804573007875
1,100,2,0.25,2,526.797584919325
2,100,2,0.25,3,624.6773018071299
3,100,2,0.25,4,682.8128786496434
4,100,2,0.25,5,737.778621136923
5,100,2,0.25,7,825.9106268125092
6,100,2,0.25,9,884.5501273485083
7,100,2,0.25,12,970.5043199837388
8,100,2,0.25,15,1025.6957869500295
9,100,2,0.25,20,1062.6337088730588
10,100,2,0.25,40,1077.3789674773725
11,100,2,0.25,80,1048.621696977206
12,100,2,0.25,100,1005.4993916832434
13,100,2,0.25,Optimal,1181.3668208724196
14,100,2,0.25,Dynamic,1077.2016944208758
0,100,2,0.5,1,580.199990348569
1,100,2,0.5,2,808.6603234715916
2,100,2,0.5,3,975.49346603192
3,100,2,0.5,4,1022.2606780372583
4,100,2,0.5,5,1055.175702511759
5,100,2,0.5,7,1085.0974905195392
6,100,2,0.5,9,1103.8782023449066
7,100,2,0.5,12,1137.0432724224277
8,100,2,0.5,15,1150.957720200955
9,100,2,0.5,20,1156.174451846319
10,100,2,0.5,40,1148.892998322994
11,100,2,0.5,80,1059.107377268683
12,100,2,0.5,100,1009.2829656555133
13,100,2,0.5,Optimal,1224.9232513061415
14,100,2,0.5,Dynamic,1163.3911524209323
0,100,2,0.7,1,882.2749646180434
1,100,2,0.7,2,1028.290143712509
2,100,2,0.7,3,1097.2881991091622
3,100,2,0.7,4,1129.1197550733282
4,100,2,0.7,5,1150.6300639673527
5,100,2,0.7,7,1183.1150408498022
6,100,2,0.7,9,1198.1675557389885
7,100,2,0.7,12,1206.5935165918115
8,100,2,0.7,15,1203.040844619296
9,100,2,0.7,20,1197.8720508537576
10,100,2,0.7,40,1157.6997941765767
11,100,2,0.7,80,1058.9515308245957
12,100,2,0.7,100,1008.6450447996743
13,100,2,0.7,Optimal,1243.6178086064415
14,100,2,0.7,Dynamic,1209.8820215350618
0,100,2,0.8,1,1000.2732188842617
1,100,2,0.8,2,1096.9847890286237
2,100,2,0.8,3,1154.2678125806488
3,100,2,0.8,4,1170.2394022511373
4,100,2,0.8,5,1189.212351917883
5,100,2,0.8,7,1220.5371539357202
6,100,2,0.8,9,1217.9859411787174
7,100,2,0.8,12,1219.9814228793389
8,100,2,0.8,15,1215.4666468785672
9,100,2,0.8,20,1205.159378420468
10,100,2,0.8,40,1155.196828614759
11,100,2,0.8,80,1054.9628304703112
12,100,2,0.8,100,1004.8458313980875
13,100,2,0.8,Optimal,1245.2107501383093
14,100,2,0.8,Dynamic,1214.0202171423382
0,100,2,0.85,1,1022.6990467140188
1,100,2,0.85,2,1121.8507588824532
2,100,2,0.85,3,1151.7102559174
3,100,2,0.85,4,1161.8905473602415
4,100,2,0.85,5,1169.4249147177095
5,100,2,0.85,7,1187.4111510786458
6,100,2,0.85,9,1185.5820176503316
7,100,2,0.85,12,1188.0377458678358
8,100,2,0.85,15,1181.2781810220306
9,100,2,0.85,20,1170.296176058074
10,100,2,0.85,40,1123.167524131365
11,100,2,0.85,80,1025.7126413433941
12,100,2,0.85,100,976.9851999494085
13,100,2,0.85,Optimal,1210.9364099447223
14,100,2,0.85,Dynamic,1193.6024883853784
0,100,2,0.9,1,1084.297760229214
1,100,2,0.9,2,1151.0855505400086
2,100,2,0.9,3,1174.7535971381183
3,100,2,0.9,4,1191.7980060915318
4,100,2,0.9,5,1207.9808086359624
5,100,2,0.9,7,1210.6637347582284
6,100,2,0.9,9,1209.0013186902538
7,100,2,0.9,12,1202.526274997876
8,100,2,0.9,15,1195.3162825481
9,100,2,0.9,20,1184.3436937744164
10,100,2,0.9,40,1136.464982004781
11,100,2,0.9,80,1037.8563067766001
12,100,2,0.9,100,988.55196916251
13,100,2,0.9,Optimal,1227.6067284064352
14,100,2,0.9,Dynamic,1214.8699405809289
0,100,2,0.95,1,1203.4030094306058
1,100,2,0.95,2,1237.895625153032
2,100,2,0.95,3,1248.7967888205133
3,100,2,0.95,4,1251.4156137558577
4,100,2,0.95,5,1249.7597091454472
5,100,2,0.95,7,1246.779010073996
6,100,2,0.95,9,1243.2382417283764
7,100,2,0.95,12,1235.6575207422275
8,100,2,0.95,15,1228.076799756079
9,100,2,0.95,20,1215.4422647791646
10,100,2,0.95,40,1164.9041248715068
11,100,2,0.95,80,1063.8278450561918
12,100,2,0.95,100,1013.2897051485343
13,100,2,0.95,Optimal,1261.5742904761182
14,100,2,0.95,Dynamic,1252.6380739232818
0,100,2,1.0,1,1285.1639350828418
1,100,2,1.0,2,1282.5936072126763
2,100,2,1.0,3,1280.0232793425105
3,100,2,1.0,4,1277.452951472345
4,100,2,1.0,5,1274.8826236021791
5,100,2,1.0,7,1269.7419678618478
6,100,2,1.0,9,1264.6013121215165
7,100,2,1.0,12,1256.8903285110196
8,100,2,1.0,15,1249.1793449005222
9,100,2,1.0,20,1236.3277055496937
10,100,2,1.0,40,1184.9211481463803
11,100,2,1.0,80,1082.108033339753
12,100,2,1.0,100,1030.701475936439
13,100,2,1.0,Optimal,1285.1639350828418
14,100,2,1.0,Dynamic,1285.1639350828418
0,100,5,0.25,1,149.17924163231157
1,100,5,0.25,2,236.3975352214983
2,100,5,0.25,3,268.50168636644355
3,100,5,0.25,4,290.594583438277
4,100,5,0.25,5,328.03470817393435
5,100,5,0.25,7,350.95828112768874
6,100,5,0.25,9,372.2444273901858
7,100,5,0.25,12,384.285896608711
8,100,5,0.25,15,393.94092048605853
9,100,5,0.25,20,400.609315533787
10,100,5,0.25,40,377.4974865906178
11,100,5,0.25,80,300.6081053617909
12,100,5,0.25,100,252.57204609137523
13,100,5,0.25,Optimal,443.79419670472316
14,100,5,0.25,Dynamic,396.75687144817476
0,100,5,0.5,1,279.3091492651339
1,100,5,0.5,2,347.625150500078
2,100,5,0.5,3,371.2956378178835
3,100,5,0.5,4,395.7071732866565
4,100,5,0.5,5,408.31647650950015
5,100,5,0.5,7,422.6664521281742
6,100,5,0.5,9,429.9357402030307
7,100,5,0.5,12,432.11854107381464
8,100,5,0.5,15,426.30638161909184
9,100,5,0.5,20,428.50366405490536
10,100,5,0.5,40,391.7330290939706
11,100,5,0.5,80,297.6672315393728
12,100,5,0.5,100,248.4660362436087
13,100,5,0.5,Optimal,465.8969096497087
14,100,5,0.5,Dynamic,428.07648121937433
0,100,5,0.7,1,363.1303728605781
1,100,5,0.7,2,424.47550681896627
2,100,5,0.7,3,450.9583546614551
3,100,5,0.7,4,462.70283774707536
4,100,5,0.7,5,467.8446631066726
5,100,5,0.7,7,471.53154594824696
6,100,5,0.7,9,471.7594930939268
7,100,5,0.7,12,475.4908611165996
8,100,5,0.7,15,473.01210697348006
9,100,5,0.7,20,462.166614923134
10,100,5,0.7,40,415.1261359072071
11,100,5,0.7,80,312.2842397118131
12,100,5,0.7,100,260.6670100073811
13,100,5,0.7,Optimal,503.3259470422808
14,100,5,0.7,Dynamic,479.51256454334026
0,100,5,0.8,1,411.98436669208377
1,100,5,0.8,2,459.8451839288788
2,100,5,0.8,3,475.9663888962113
3,100,5,0.8,4,479.293698938889
4,100,5,0.8,5,481.42168551061053
5,100,5,0.8,7,486.41019491417325
6,100,5,0.8,9,482.8251640252892
7,100,5,0.8,12,480.2644305992979
8,100,5,0.8,15,475.70267742036907
9,100,5,0.8,20,463.86918707808513
10,100,5,0.8,40,414.96747396058345
11,100,5,0.8,80,311.8699649020534
12,100,5,0.8,100,260.32121037278836
13,100,5,0.8,Optimal,507.1941282887487
14,100,5,0.8,Dynamic,483.157530880001
0,100,5,0.85,1,418.9785923170194
1,100,5,0.85,2,458.9376734340033
2,100,5,0.85,3,470.127890495711
3,100,5,0.85,4,474.7707316452265
4,100,5,0.85,5,477.33743251163577
5,100,5,0.85,7,476.8096148346985
6,100,5,0.85,9,473.21394372301955
7,100,5,0.85,12,467.73445480071547
8,100,5,0.85,15,462.9744369198296
9,100,5,0.85,20,452.92865633010626
10,100,5,0.85,40,402.97675291859247
11,100,5,0.85,80,302.85830498850737
12,100,5,0.85,100,252.79908102346485
13,100,5,0.85,Optimal,494.10955264456817
14,100,5,0.85,Dynamic,474.71740687054034
0,100,5,0.9,1,461.30745127802294
1,100,5,0.9,2,487.5103159163727
2,100,5,0.9,3,492.3957390340963
3,100,5,0.9,4,494.26335032963806
4,100,5,0.9,5,492.4709468260937
5,100,5,0.9,7,489.83621185784193
6,100,5,0.9,9,486.54757757566205
7,100,5,0.9,12,479.3493269212304
8,100,5,0.9,15,471.86375548596675
9,100,5,0.9,20,459.1792459298924
10,100,5,0.9,40,408.4412077055949
11,100,5,0.9,80,306.96513125699994
12,100,5,0.9,100,256.2270930327024
13,100,5,0.9,Optimal,504.0811592013075
14,100,5,0.9,Dynamic,496.40432381753004
0,100,5,0.95,1,476.3428692612477
1,100,5,0.95,2,482.490477487048
2,100,5,0.95,3,485.5092406121385
3,100,5,0.95,4,484.43958780415613
4,100,5,0.95,5,483.6249161626099
5,100,5,0.95,7,479.6931548172265
6,100,5,0.95,9,474.93143537503715
7,100,5,0.95,12,467.6021148805908
8,100,5,0.95,15,460.2169730653649
9,100,5,0.95,20,447.8455490582315
10,100,5,0.95,40,398.3598530296976
11,100,5,0.95,80,299.38846097262996
12,100,5,0.95,100,249.90276494409605
13,100,5,0.95,Optimal,492.72360401470445
14,100,5,0.95,Dynamic,487.2662172392158
0,100,5,1.0,1,507.35676249348927
1,100,5,1.0,2,504.8199786810219
2,100,5,1.0,3,502.2831948685544
3,100,5,1.0,4,499.746411056087
4,100,5,1.0,5,497.2096272436196
5,100,5,1.0,7,492.13605961868467
6,100,5,1.0,9,487.06249199374986
7,100,5,1.0,12,479.45214055634744
8,100,5,1.0,15,471.8417891189451
9,100,5,1.0,20,459.1578700566079
10,100,5,1.0,40,408.42219380725896
11,100,5,1.0,80,306.9508413085611
12,100,5,1.0,100,256.21516505921215
13,100,5,1.0,Optimal,507.35676249348927
14,100,5,1.0,Dynamic,507.35676249348927
0,100,10,0.25,1,62.52476319498136
1,100,10,0.25,2,124.63818113335061
2,100,10,0.25,3,143.44532672149222
3,100,10,0.25,4,153.0640139482321
4,100,10,0.25,5,160.6500138721689
5,100,10,0.25,7,166.9225428481951
6,100,10,0.25,9,176.77837185923093
7,100,10,0.25,12,178.06760254155665
8,100,10,0.25,15,177.8154732001001
9,100,10,0.25,20,176.98349938655795
10,100,10,0.25,40,146.11583701880915
11,100,10,0.25,80,51.95390583023536
12,100,10,0.25,100,2.4944561329981183
13,100,10,0.25,Optimal,208.1958175993435
14,100,10,0.25,Dynamic,179.04626341922176
0,100,10,0.5,1,104.70840051030116
1,100,10,0.5,2,149.27505043937808
2,100,10,0.5,3,170.9897215322981
3,100,10,0.5,4,187.64957267098097
4,100,10,0.5,5,194.39044390896382
5,100,10,0.5,7,201.21241220409206
6,100,10,0.5,9,202.65980327618414
7,100,10,0.5,12,205.85706722518228
8,100,10,0.5,15,202.92634046052285
9,100,10,0.5,20,194.4981183820806
10,100,10,0.5,40,153.0731498770908
11,100,10,0.5,80,53.00670971358142
12,100,10,0.5,100,2.535369664807755
13,100,10,0.5,Optimal,227.96934960085636
14,100,10,0.5,Dynamic,204.13397742269498
0,100,10,0.7,1,169.09059348400385
1,100,10,0.7,2,203.15515519671607
2,100,10,0.7,3,208.40964309690466
3,100,10,0.7,4,214.10651629453693
4,100,10,0.7,5,215.17590821465743
5,100,10,0.7,7,218.57728879649534
6,100,10,0.7,9,219.05200652240754
7,100,10,0.7,12,213.7626673370132
8,100,10,0.7,15,208.2793470155563
9,100,10,0.7,20,196.86969620100678
10,100,10,0.7,40,150.6095653113381
11,100,10,0.7,80,51.89280300658213
12,100,10,0.7,100,2.4710858574562926
13,100,10,0.7,Optimal,234.5001785788071
14,100,10,0.7,Dynamic,220.81356290309347
0,100,10,0.8,1,198.91940100030502
1,100,10,0.8,2,221.60396282153317
2,100,10,0.8,3,230.13458900368664
3,100,10,0.8,4,230.62538881739565
4,100,10,0.8,5,229.86333440511152
5,100,10,0.8,7,228.2745630059883
6,100,10,0.8,9,225.75390472274856
7,100,10,0.8,12,219.42304207742978
8,100,10,0.8,15,212.60986913775352
9,100,10,0.8,20,200.90489499708124
10,100,10,0.8,40,151.34161010329527
11,100,10,0.8,80,52.10121003556067
12,100,10,0.8,100,2.481010001693366
13,100,10,0.8,Optimal,242.05467339901924
14,100,10,0.8,Dynamic,230.470115022947
0,100,10,0.85,1,221.42012040769197
1,100,10,0.85,2,233.90304111269563
2,100,10,0.85,3,237.21357521995947
3,100,10,0.85,4,237.57117498695564
4,100,10,0.85,5,237.87223988217622
5,100,10,0.85,7,235.70736704175204
6,100,10,0.85,9,231.10348110782448
7,100,10,0.85,12,224.50114571419647
8,100,10,0.85,15,217.13195214940714
9,100,10,0.85,20,204.77929292217698
10,100,10,0.85,40,154.26711204615705
11,100,10,0.85,80,53.10835004867702
12,100,10,0.85,100,2.5289690499370012
13,100,10,0.85,Optimal,248.23556358839053
14,100,10,0.85,Dynamic,237.87774294478152
0,100,10,0.9,1,237.2557561784858
1,100,10,0.9,2,247.4794533248321
2,100,10,0.9,3,246.38403715945216
3,100,10,0.9,4,246.68438996054655
4,100,10,0.9,5,244.14125191971624
5,100,10,0.9,7,240.42899809051883
6,100,10,0.9,9,235.63056770992486
7,100,10,0.9,12,228.0765690493162
8,100,10,0.9,15,220.415089486332
9,100,10,0.9,20,207.600258702243
10,100,10,0.9,40,156.3409355658867
11,100,10,0.9,80,53.82228929317411
12,100,10,0.9,100,2.562966156817814
13,100,10,0.9,Optimal,253.98617975869027
14,100,10,0.9,Dynamic,247.55929198077527
0,100,10,0.95,1,238.4085195085888
1,100,10,0.95,2,243.08598874482104
2,100,10,0.95,3,243.53454410165796
3,100,10,0.95,4,242.08962089655623
4,100,10,0.95,5,239.69989111561532
5,100,10,0.95,7,234.87289581573972
6,100,10,0.95,9,230.12190912544236
7,100,10,0.95,12,222.76249815662806
8,100,10,0.95,15,215.2536499041575
9,100,10,0.95,20,202.73890281670643
10,100,10,0.95,40,152.6799144669024
11,100,10,0.95,80,52.56193776729427
12,100,10,0.95,100,2.5029494174902034
13,100,10,0.95,Optimal,248.35702221171059
14,100,10,0.95,Dynamic,245.36971042505354
0,100,10,1.0,1,255.83468728351679
1,100,10,1.0,2,253.27634041068154
2,100,10,1.0,3,250.71799353784638
3,100,10,1.0,4,248.15964666501125
4,100,10,1.0,5,245.60129979217606
5,100,10,1.0,7,240.48460604650572
6,100,10,1.0,9,235.36791230083537
7,100,10,1.0,12,227.69287168232987
8,100,10,1.0,15,220.0178310638244
9,100,10,1.0,20,207.22609669964856
10,100,10,1.0,40,156.0591592429452
11,100,10,1.0,80,53.72528432953852
12,100,10,1.0,100,2.5583468728351675
13,100,10,1.0,Optimal,255.83468728351679
14,100,10,1.0,Dynamic,255.83468728351679
0,100,25,0.25,1,23.75608403689918
1,100,25,0.25,2,42.10798620116223
2,100,25,0.25,3,51.56449186589025
3,100,25,0.25,4,60.334097254447514
4,100,25,0.25,5,64.18273504441223
5,100,25,0.25,7,63.886984166490976
6,100,25,0.25,9,64.1802844284941
7,100,25,0.25,12,60.32324827715772
8,100,25,0.25,15,55.23645412791246
9,100,25,0.25,20,46.773790091550026
10,100,25,0.25,40,2.3686029859492597
11,100,25,0.25,80,-97.24068135501507
12,100,25,0.25,100,-147.88452148399324
13,100,25,0.25,Optimal,74.745272350557
14,100,25,0.25,Dynamic,64.84156986039991
0,100,25,0.5,1,53.89720060605863
1,100,25,0.5,2,65.46415794093289
2,100,25,0.5,3,69.97956127864491
3,100,25,0.5,4,72.20134964818436
4,100,25,0.5,5,72.20687831911552
5,100,25,0.5,7,71.74516298294812
6,100,25,0.5,9,69.24542683689538
7,100,25,0.5,12,66.98082473081695
8,100,25,0.5,15,60.5989295359956
9,100,25,0.5,20,49.595741306721955
10,100,25,0.5,40,2.4693350884298635
11,100,25,0.5,80,-97.60212927410599
12,100,25,0.5,100,-147.7388253624194
13,100,25,0.5,Optimal,83.48434368641115
14,100,25,0.5,Dynamic,73.25748876313077
0,100,25,0.7,1,73.14183359450517
1,100,25,0.7,2,79.48182267784098
2,100,25,0.7,3,82.82311844458958
3,100,25,0.7,4,83.58011631099727
4,100,25,0.7,5,83.37124024905775
5,100,25,0.7,7,80.26111290755718
6,100,25,0.7,9,76.25283890881524
7,100,25,0.7,12,69.5330043088444
8,100,25,0.7,15,63.30614068651955
9,100,25,0.7,20,51.45061269401871
10,100,25,0.7,40,2.465410591127317
11,100,25,0.7,80,-96.48561774650476
12,100,25,0.7,100,-145.96542171907132
13,100,25,0.7,Optimal,90.97030847106862
14,100,25,0.7,Dynamic,84.23116317370445
0,100,25,0.8,1,77.60009332608604
1,100,25,0.8,2,85.5405046328752
2,100,25,0.8,3,86.84351164424105
3,100,25,0.8,4,86.17444600894996
4,100,25,0.8,5,85.89750249446702
5,100,25,0.8,7,81.9082451913117
6,100,25,0.8,9,77.2125654201001
7,100,25,0.8,12,70.31825287188721
8,100,25,0.8,15,63.15729172851802
9,100,25,0.8,20,51.32348730377632
10,100,25,0.8,40,2.447188104177506
11,100,25,0.8,80,-95.44033606292273
12,100,25,0.8,100,-144.38409814647284
13,100,25,0.8,Optimal,93.06078809623361
14,100,25,0.8,Dynamic,87.87131405671369
0,100,25,0.85,1,86.19450646107039
1,100,25,0.85,2,91.24910457797911
2,100,25,0.85,3,92.30330271592999
3,100,25,0.85,4,90.88166314053161
4,100,25,0.85,5,88.61574493662472
5,100,25,0.85,7,84.50749035072702
6,100,25,0.85,9,79.85873815838282
7,100,25,0.85,12,72.74792922436224
8,100,25,0.85,15,65.39430430148396
9,100,25,0.85,20,52.96577238316931
10,100,25,0.85,40,2.5263236826989566
11,100,25,0.85,80,-98.5266236252593
12,100,25,0.85,100,-149.05309727923844
13,100,25,0.85,Optimal,96.8663922402461
14,100,25,0.85,Dynamic,93.08800019623602
0,100,25,0.9,1,87.37823462152474
1,100,25,0.9,2,90.39203951602951
2,100,25,0.9,3,91.45256866916516
3,100,25,0.9,4,89.35828854431392
4,100,25,0.9,5,87.12062303027442
5,100,25,0.9,7,82.77183233890706
6,100,25,0.9,9,78.05372578891715
7,100,25,0.9,12,70.86538608153836
8,100,25,0.9,15,63.61678442486921
9,100,25,0.9,20,51.38278742008667
10,100,25,0.9,40,2.446799400956508
11,100,25,0.9,80,-95.42517663730379
12,100,25,0.9,100,-144.36116465643397
13,100,25,0.9,Optimal,95.08219096473624
14,100,25,0.9,Dynamic,91.59028367131813
0,100,25,0.95,1,91.79535117944123
1,100,25,0.95,2,93.30054557287838
2,100,25,0.95,3,91.93649969033515
3,100,25,0.95,4,89.95798313662144
4,100,25,0.95,5,87.99427844840861
5,100,25,0.95,7,83.46848828430512
6,100,25,0.95,9,78.55857720875775
7,100,25,0.95,12,71.19371059543673
8,100,25,0.95,15,63.82884398211568
9,100,25,0.95,20,51.55406629324729
10,100,25,0.95,40,2.45495553777368
11,100,25,0.95,80,-95.74326597317354
12,100,25,0.95,100,-144.8423767286471
13,100,25,0.95,Optimal,96.44128911717704
14,100,25,0.95,Dynamic,94.00525378341862
0,100,25,1.0,1,99.58873103856514
1,100,25,1.0,2,97.09901276260102
2,100,25,1.0,3,94.60929448663687
3,100,25,1.0,4,92.11957621067275
4,100,25,1.0,5,89.62985793470861
5,100,25,1.0,7,84.6504213827804
6,100,25,1.0,9,79.6709848308521
7,100,25,1.0,12,72.20183000295974
8,100,25,1.0,15,64.73267517506734
9,100,25,1.0,20,52.28408379524669
10,100,25,1.0,40,2.4897182759641283
11,100,25,1.0,80,-97.09901276260102
12,100,25,1.0,100,-146.89337828188357
13,100,25,1.0,Optimal,99.58873103856514
14,100,25,1.0,Dynamic,99.58873103856514
0,100,50,0.25,1,14.35806906013255
1,100,50,0.25,2,22.62192043104635
2,100,50,0.25,3,26.624105836762514
3,100,50,0.25,4,27.609874672270085
4,100,50,0.25,5,27.703751192133996
5,100,50,0.25,7,26.247461641861097
6,100,50,0.25,9,23.69383448375653
7,100,50,0.25,12,18.341164244415992
8,100,50,0.25,15,12.544172998767847
9,100,50,0.25,20,2.188842126150654
10,100,50,0.25,40,-44.476738340431446
11,100,50,0.25,80,-147.61230963547243
12,100,50,0.25,100,-199.6025301376723
13,100,50,0.25,Optimal,33.75248731379906
14,100,50,0.25,Dynamic,27.412407639717927
0,100,50,0.5,1,25.521599609225085
1,100,50,0.5,2,31.02629320571849
2,100,50,0.5,3,32.47252824830359
3,100,50,0.5,4,33.285862001017215
4,100,50,0.5,5,32.67562875175071
5,100,50,0.5,7,29.704380121214857
6,100,50,0.5,9,26.374733264141796
7,100,50,0.5,12,20.68761792892606
8,100,50,0.5,15,14.11234513839728
9,100,50,0.5,20,2.429519781886017
10,100,50,0.5,40,-48.219366104604475
11,100,50,0.5,80,-151.3841602128082
12,100,50,0.5,100,-203.0502753723812
13,100,50,0.5,Optimal,38.488935987201295
14,100,50,0.5,Dynamic,33.75911675974042
0,100,50,0.7,1,36.48066589011179
1,100,50,0.7,2,41.41980725925586
2,100,50,0.7,3,41.499206243597335
3,100,50,0.7,4,39.79843248015768
4,100,50,0.7,5,38.09574416265898
5,100,50,0.7,7,33.85451413245473
6,100,50,0.7,9,29.546450484498834
7,100,50,0.7,12,22.365919855476104
8,100,50,0.7,15,14.974005275442307
9,100,50,0.7,20,2.5144708287316226
10,100,50,0.7,40,-48.12223299399495
11,100,50,0.7,80,-149.51439633456002
12,100,50,0.7,100,-200.1972425496651
13,100,50,0.7,Optimal,45.554109926277185
14,100,50,0.7,Dynamic,41.911698277611166
0,100,50,0.8,1,40.01731389848622
1,100,50,0.8,2,42.61470206013073
2,100,50,0.8,3,41.481456996709184
3,100,50,0.8,4,40.37796780137163
4,100,50,0.8,5,38.444390682491665
5,100,50,0.8,7,34.07774971964465
6,100,50,0.8,9,29.29009847954051
7,100,50,0.8,12,22.14236483101395
8,100,50,0.8,15,14.818933755897719
9,100,50,0.8,20,2.471311931341273
10,100,50,0.8,40,-46.98236772074627
11,100,50,0.8,80,-146.27110551633942
12,100,50,0.8,100,-195.85453111509855
13,100,50,0.8,Optimal,45.61750388384763
14,100,50,0.8,Dynamic,41.99734308422875
0,100,50,0.85,1,42.46003547865206
1,100,50,0.85,2,44.38084111577558
2,100,50,0.85,3,42.7490533266068
3,100,50,0.85,4,41.02303465772428
4,100,50,0.85,5,38.61688373128874
5,100,50,0.85,7,34.14547317596082
6,100,50,0.85,9,29.351170120337493
7,100,50,0.85,12,22.06302987214843
8,100,50,0.85,15,14.719648605285876
9,100,50,0.85,20,2.4532747675476463
10,100,50,0.85,40,-46.612220583405275
11,100,50,0.85,80,-144.74321128531113
12,100,50,0.85,100,-193.80870663626402
13,100,50,0.85,Optimal,46.610445482679076
14,100,50,0.85,Dynamic,44.486020650966076
0,100,50,0.9,1,45.687473634144744
1,100,50,0.9,2,46.18299172392437
2,100,50,0.9,3,44.543445465864586
3,100,50,0.9,4,42.262024749903055
4,100,50,0.9,5,40.04878442844049
5,100,50,0.9,7,35.098159111331114
6,100,50,0.9,9,30.199195019250375
7,100,50,0.9,12,22.686622988583398
8,100,50,0.9,15,15.128545566753045
9,100,50,0.9,20,2.522606339387964
10,100,50,0.9,40,-47.950390266544716
11,100,50,0.9,80,-148.89858030137574
12,100,50,0.9,100,-199.37267531879124
13,100,50,0.9,Optimal,48.515250117404634
14,100,50,0.9,Dynamic,46.411841492911364
0,100,50,0.95,1,47.42396875784902
1,100,50,0.95,2,47.010603404541925
2,100,50,0.95,3,45.000673086355825
3,100,50,0.95,4,42.59549441986228
4,100,50,0.95,5,40.13590585900001
5,100,50,0.95,7,35.15879623526078
6,100,50,0.95,9,30.169359734586884
7,100,50,0.95,12,22.62701980094016
8,100,50,0.95,15,15.09117292178941
9,100,50,0.95,20,2.5151954869649016
10,100,50,0.95,40,-47.78871425233313
11,100,50,0.95,80,-148.39653373092918
12,100,50,0.95,100,-198.7004434702272
13,100,50,0.95,Optimal,49.079055401297865
14,100,50,0.95,Dynamic,47.69659710039482
0,100,50,1.0,1,49.93653536466664
1,100,50,1.0,2,47.43970859643334
2,100,50,1.0,3,44.9428818282
3,100,50,1.0,4,42.446055059966646
4,100,50,1.0,5,39.94922829173333
5,100,50,1.0,7,34.95557475526666
6,100,50,1.0,9,29.961921218800004
7,100,50,1.0,12,22.4714409141
8,100,50,1.0,15,14.980960609400002
9,100,50,1.0,20,2.496826768233333
10,100,50,1.0,40,-47.43970859643334
11,100,50,1.0,80,-147.31277932576668
12,100,50,1.0,100,-197.24931469043324
13,100,50,1.0,Optimal,49.93653536466664
14,100,50,1.0,Dynamic,49.93653536466664
0,100,100,0.25,1,4.737671702762211
1,100,100,0.25,2,9.047686561607248
2,100,100,0.25,3,10.38593421535167
3,100,100,0.25,4,10.053640445672551
4,100,100,0.25,5,9.20907433565636
5,100,100,0.25,7,6.950474877552944
6,100,100,0.25,9,3.6724063749571396
7,100,100,0.25,12,-1.948623207948971
8,100,100,0.25,15,-8.175311194126106
9,100,100,0.25,20,-18.989202600826253
10,100,100,0.25,40,-66.22560032795502
11,100,100,0.25,80,-166.30346249027264
12,100,100,0.25,100,-216.32465768374482
13,100,100,0.25,Optimal,12.858519027997811
14,100,100,0.25,Dynamic,10.30594615464486
0,100,100,0.5,1,13.059839690287422
1,100,100,0.5,2,14.905856880618888
2,100,100,0.5,3,14.29314088316865
3,100,100,0.5,4,13.50482364523846
4,100,100,0.5,5,11.98884652861789
5,100,100,0.5,7,8.372832337963363
6,100,100,0.5,9,4.407227354665657
7,100,100,0.5,12,-2.295782535388308
8,100,100,0.5,15,-9.455030094814202
9,100,100,0.5,20,-21.81926744832762
10,100,100,0.5,40,-73.07842223767665
11,100,100,0.5,80,-176.76454281820392
12,100,100,0.5,100,-228.00064218579922
13,100,100,0.5,Optimal,17.463339844366427
14,100,100,0.5,Dynamic,14.512414079543015
0,100,100,0.7,1,17.19212174318657
1,100,100,0.7,2,18.405553353865866
2,100,100,0.7,3,17.343828013103124
3,100,100,0.7,4,15.517733252909837
4,100,100,0.7,5,13.57567569398832
5,100,100,0.7,7,9.240659714597745
6,100,100,0.7,9,4.739333953121852
7,100,100,0.7,12,-2.4074777225585473
8,100,100,0.7,15,-9.670686378005437
9,100,100,0.7,20,-22.15457776121803
10,100,100,0.7,40,-72.02379016450419
11,100,100,0.7,80,-171.91616159909918
12,100,100,0.7,100,-221.74693307709887
13,100,100,0.7,Optimal,20.445127345971283
14,100,100,0.7,Dynamic,18.518626447209655
0,100,100,0.8,1,19.374945327953096
1,100,100,0.8,2,20.36145322545032
2,100,100,0.8,3,18.60734827007402
3,100,100,0.8,4,16.447431218207456
4,100,100,0.8,5,14.424824241272443
5,100,100,0.8,7,9.719151007740564
6,100,100,0.8,9,4.917477383865653
7,100,100,0.8,12,-2.4701896748733296
8,100,100,0.8,15,-9.911669134159958
9,100,100,0.8,20,-22.348621640843117
10,100,100,0.8,40,-72.29586994478646
11,100,100,0.8,80,-172.01431124794027
12,100,100,0.8,100,-221.87353189951708
13,100,100,0.8,Optimal,21.964551402089384
14,100,100,0.8,Dynamic,20.30920946379765
0,100,100,0.85,1,20.975978492182456
1,100,100,0.85,2,20.575987385243575
2,100,100,0.85,3,18.981365878706146
3,100,100,0.85,4,16.928926990964356
4,100,100,0.85,5,14.593428288316032
5,100,100,0.85,7,9.847807689688858
6,100,100,0.85,9,4.968213575773981
7,100,100,0.85,12,-2.4955322312228643
8,100,100,0.85,15,-9.99859400194255
9,100,100,0.85,20,-22.51952071614488
10,100,100,0.85,40,-72.68972396490047
11,100,100,0.85,80,-172.95141219234935
12,100,100,0.85,100,-223.0822563060738
13,100,100,0.85,Optimal,22.502338072804097
14,100,100,0.85,Dynamic,21.43937781317071
0,100,100,0.9,1,22.920860639632043
1,100,100,0.9,2,21.626733662417564
2,100,100,0.9,3,19.606194969993066
3,100,100,0.9,4,17.333656990526972
4,100,100,0.9,5,14.959563338983557
5,100,100,0.9,7,10.017602957992032
6,100,100,0.9,9,5.012453879458319
7,100,100,0.9,12,-2.5062269397291597
8,100,100,0.9,15,-10.038844596917855
9,100,100,0.9,20,-22.58740034306517
10,100,100,0.9,40,-72.78162332765446
11,100,100,0.9,80,-173.17006929683305
12,100,100,0.9,100,-223.36429228142225
13,100,100,0.9,Optimal,23.58854244257926
14,100,100,0.9,Dynamic,22.953673985116282
0,100,100,0.95,1,24.172190874301176
1,100,100,0.95,2,22.503730382899352
2,100,100,0.95,3,20.142309172133555
3,100,100,0.95,4,17.693100657228108
4,100,100,0.95,5,15.202662019122055
5,100,100,0.95,7,10.147285395930767
6,100,100,0.95,9,5.074112239471245
7,100,100,0.95,12,-2.5370561197356225
8,100,100,0.95,15,-10.14822447894249
9,100,100,0.95,20,-22.83350507762061
10,100,100,0.95,40,-73.57462747233306
11,100,100,0.95,80,-175.05687226175792
12,100,100,0.95,100,-225.79799465647045
13,100,100,0.95,Optimal,24.4650105827925
14,100,100,0.95,Dynamic,24.14455804498009
0,100,100,1.0,1,24.485920326702068
1,100,100,1.0,2,22.03732829403186
2,100,100,1.0,3,19.588736261361657
3,100,100,1.0,4,17.140144228691447
4,100,100,1.0,5,14.691552196021242
5,100,100,1.0,7,9.794368130680828
6,100,100,1.0,9,4.897184065340414
7,100,100,1.0,12,-2.448592032670207
8,100,100,1.0,15,-9.794368130680828
9,100,100,1.0,20,-22.03732829403186
10,100,100,1.0,40,-71.009168947436
11,100,100,1.0,80,-168.95285025424425
12,100,100,1.0,100,-217.92469090764843
13,100,100,1.0,Optimal,24.485920326702068
14,100,100,1.0,Dynamic,24.485920326702068
0,1000,2,0.25,1,444.06312855983
1,1000,2,0.25,2,671.647482895201
2,1000,2,0.25,3,795.504415387029
3,1000,2,0.25,4,876.3498666563894
4,1000,2,0.25,5,949.0628269693091
5,1000,2,0.25,7,1029.5530807555378
6,1000,2,0.25,9,1067.137771544005
7,1000,2,0.25,12,1112.5445146636332
8,1000,2,0.25,15,1151.1631025498311
9,1000,2,0.25,20,1173.098587766122
10,1000,2,0.25,40,1237.6266235814637
11,1000,2,0.25,80,1206.1589107473847
12,1000,2,0.25,1000,-1598.804161413492
13,1000,2,0.25,Optimal,1353.4766553752875
14,1000,2,0.25,Dynamic,1228.3467981037347
0,1000,2,0.5,1,828.8859741402006
1,1000,2,0.5,2,1032.5117123594778
2,1000,2,0.5,3,1135.189589346102
3,1000,2,0.5,4,1195.1478826925484
4,1000,2,0.5,5,1236.4763519521816
5,1000,2,0.5,7,1280.8702824165202
6,1000,2,0.5,9,1308.7291477303347
7,1000,2,0.5,12,1330.791009128858
8,1000,2,0.5,15,1333.7667725278789
9,1000,2,0.5,20,1353.4630417580765
10,1000,2,0.5,40,1371.0070548013466
11,1000,2,0.5,80,1279.2443910288205
12,1000,2,0.5,1000,-1609.5033728347098
13,1000,2,0.5,Optimal,1458.5273166202749
14,1000,2,0.5,Dynamic,1358.2488438224182
0,1000,2,0.7,1,1121.3107450480768
1,1000,2,0.7,2,1307.3499250200716
2,1000,2,0.7,3,1342.003100556682
3,1000,2,0.7,4,1385.1409752998134
4,1000,2,0.7,5,1408.9531672827109
5,1000,2,0.7,7,1445.4653734392416
6,1000,2,0.7,9,1460.022910233222
7,1000,2,0.7,12,1470.4361494409284
8,1000,2,0.7,15,1487.8043797720863
9,1000,2,0.7,20,1486.6694093516264
10,1000,2,0.7,40,1453.230121258276
11,1000,2,0.7,80,1343.5316711608234
12,1000,2,0.7,1000,-1609.1306766332355
13,1000,2,0.7,Optimal,1552.1801093578822
14,1000,2,0.7,Dynamic,1481.3312779116643
0,1000,2,0.8,1,1241.0354815968626
1,1000,2,0.8,2,1389.988730522822
2,1000,2,0.8,3,1445.0305372386315
3,1000,2,0.8,4,1470.783808512415
4,1000,2,0.8,5,1479.6366088603338
5,1000,2,0.8,7,1510.9156625915123
6,1000,2,0.8,9,1533.0772904691312
7,1000,2,0.8,12,1535.7717873700449
8,1000,2,0.8,15,1534.559866410659
9,1000,2,0.8,20,1527.6128612333844
10,1000,2,0.8,40,1473.4004992435491
11,1000,2,0.8,80,1350.3780992578647
12,1000,2,0.8,1000,-1602.3806451129153
13,1000,2,0.8,Optimal,1580.5593587960673
14,1000,2,0.8,Dynamic,1534.5319502941559
0,1000,2,0.85,1,1373.2662904585006
1,1000,2,0.85,2,1489.0991648652903
2,1000,2,0.85,3,1537.9830108483638
3,1000,2,0.85,4,1546.0168146504145
4,1000,2,0.85,5,1557.5936176641571
5,1000,2,0.85,7,1567.3560184290504
6,1000,2,0.85,9,1575.4414501749054
7,1000,2,0.85,12,1578.5370030220117
8,1000,2,0.85,15,1573.7664788705908
9,1000,2,0.85,20,1558.9289061868396
10,1000,2,0.85,40,1499.397911838215
11,1000,2,0.85,80,1370.6945210973413
12,1000,2,0.85,1000,-1625.8629053106436
13,1000,2,0.85,Optimal,1613.1879470238207
14,1000,2,0.85,Dynamic,1570.0477987236561
0,1000,2,0.9,1,1418.1018032406814
1,1000,2,0.9,2,1518.0649559835845
2,1000,2,0.9,3,1544.2984477181224
3,1000,2,0.9,4,1557.7318375601776
4,1000,2,0.9,5,1565.2194139525798
5,1000,2,0.9,7,1578.3428258233791
6,1000,2,0.9,9,1575.8365911646847
7,1000,2,0.9,12,1570.9991652594902
8,1000,2,0.9,15,1564.563896774526
9,1000,2,0.9,20,1551.4436229575617
10,1000,2,0.9,40,1490.1779600502728
11,1000,2,0.9,80,1360.878353972158
12,1000,2,0.9,1000,-1613.012585824481
13,1000,2,0.9,Optimal,1605.982113415994
14,1000,2,0.9,Dynamic,1576.7929676576885
0,1000,2,0.95,1,1543.177800717215
1,1000,2,0.95,2,1583.8729402718036
2,1000,2,0.95,3,1595.5261186051284
3,1000,2,0.95,4,1600.997768385614
4,1000,2,0.95,5,1602.002004312073
5,1000,2,0.95,7,1598.7369054443523
6,1000,2,0.95,9,1593.8292261468587
7,1000,2,0.95,12,1584.1498083735037
8,1000,2,0.95,15,1574.4310978926846
9,1000,2,0.95,20,1558.23324709132
10,1000,2,0.95,40,1493.4418438858595
11,1000,2,0.95,80,1363.859037474939
12,1000,2,0.95,1000,-1616.5455099762337
13,1000,2,0.95,Optimal,1616.4008873559455
14,1000,2,0.95,Dynamic,1598.9699735384393
0,1000,2,1.0,1,1653.3770134735591
1,1000,2,1.0,2,1650.070259446612
2,1000,2,1.0,3,1646.7635054196646
3,1000,2,1.0,4,1643.4567513927175
4,1000,2,1.0,5,1640.1499973657708
5,1000,2,1.0,7,1633.5364893118763
6,1000,2,1.0,9,1626.9229812579824
7,1000,2,1.0,12,1617.0027191771408
8,1000,2,1.0,15,1607.0824570962993
9,1000,2,1.0,20,1590.548686961564
10,1000,2,1.0,40,1524.413606422621
11,1000,2,1.0,80,1392.1434453447366
12,1000,2,1.0,1000,-1650.070259446612
13,1000,2,1.0,Optimal,1653.3770134735591
14,1000,2,1.0,Dynamic,1653.3770134735591
0,1000,5,0.25,1,186.24127466758083
1,1000,5,0.25,2,269.37846691511936
2,1000,5,0.25,3,312.5879602281857
3,1000,5,0.25,4,346.01256551196695
4,1000,5,0.25,5,358.28349612477257
5,1000,5,0.25,7,386.9853850772637
6,1000,5,0.25,9,398.21022597274197
7,1000,5,0.25,12,415.69411133406624
8,1000,5,0.25,15,423.83737190303634
9,1000,5,0.25,20,435.34668149123905
10,1000,5,0.25,40,432.13686815264737
11,1000,5,0.25,80,349.641792727652
12,1000,5,0.25,1000,-2559.042747622157
13,1000,5,0.25,Optimal,500.7187105963894
14,1000,5,0.25,Dynamic,436.3397595557414
0,1000,5,0.5,1,305.5325300696333
1,1000,5,0.5,2,393.9749872734564
2,1000,5,0.5,3,437.71564990445904
3,1000,5,0.5,4,456.4902708120603
4,1000,5,0.5,5,476.3521653956546
5,1000,5,0.5,7,492.67458338055417
6,1000,5,0.5,9,500.2809863846071
7,1000,5,0.5,12,506.82936678357015
8,1000,5,0.5,15,512.5918762471149
9,1000,5,0.5,20,509.4594610260993
10,1000,5,0.5,40,477.2076083917634
11,1000,5,0.5,80,370.1865736908203
12,1000,5,0.5,1000,-2538.9356972461305
13,1000,5,0.5,Optimal,556.0300091308832
14,1000,5,0.5,Dynamic,507.89837427739747
0,1000,5,0.7,1,458.62726989077964
1,1000,5,0.7,2,527.4487590704059
2,1000,5,0.7,3,541.4428853597241
3,1000,5,0.7,4,550.363534414791
4,1000,5,0.7,5,553.8786975804154
5,1000,5,0.7,7,559.5011585022371
6,1000,5,0.7,9,561.5524015081264
7,1000,5,0.7,12,565.2318584297398
8,1000,5,0.7,15,561.4069726291981
9,1000,5,0.7,20,555.2481214963473
10,1000,5,0.7,40,506.1730024070585
11,1000,5,0.7,80,386.4454201723922
12,1000,5,0.7,1000,-2574.2927176564235
13,1000,5,0.7,Optimal,600.7304399326609
14,1000,5,0.7,Dynamic,564.7620762887923
0,1000,5,0.8,1,550.094702169184
1,1000,5,0.8,2,591.3505301890086
2,1000,5,0.8,3,604.7629290055487
3,1000,5,0.8,4,610.9955419654412
4,1000,5,0.8,5,612.8904046349269
5,1000,5,0.8,7,614.256881330487
6,1000,5,0.8,9,613.9625685000001
7,1000,5,0.8,12,606.8347606506986
8,1000,5,0.8,15,600.0081816233242
9,1000,5,0.8,20,587.7797516306575
10,1000,5,0.8,40,527.4529289377454
11,1000,5,0.8,80,397.1942266746646
12,1000,5,0.8,1000,-2622.794934818654
13,1000,5,0.8,Optimal,639.5313191373883
14,1000,5,0.8,Dynamic,613.1084914246718
0,1000,5,0.85,1,554.7304195488051
1,1000,5,0.85,2,592.7886530692593
2,1000,5,0.85,3,603.4932237802767
3,1000,5,0.85,4,607.8360310687845
4,1000,5,0.85,5,613.0466760799052
5,1000,5,0.85,7,614.3610674520417
6,1000,5,0.85,9,613.0676238076661
7,1000,5,0.85,12,605.9035388566655
8,1000,5,0.85,15,598.0905656508762
9,1000,5,0.85,20,583.6244778699584
10,1000,5,0.85,40,524.1520406498573
11,1000,5,0.85,80,394.2981329554093
12,1000,5,0.85,1000,-2604.1491984118793
13,1000,5,0.85,Optimal,635.30288743568
14,1000,5,0.85,Dynamic,615.3537995784391
0,1000,5,0.9,1,578.5825631607769
1,1000,5,0.9,2,604.0055838785995
2,1000,5,0.9,3,606.8970399489604
3,1000,5,0.9,4,606.0706528177885
4,1000,5,0.9,5,609.0077287605516
5,1000,5,0.9,7,609.0108575601607
6,1000,5,0.9,9,604.2690820964193
7,1000,5,0.9,12,596.602516480371
8,1000,5,0.9,15,587.7631997061212
9,1000,5,0.9,20,572.5466057659288
10,1000,5,0.9,40,510.2109683713727
11,1000,5,0.9,80,383.51855199109673
12,1000,5,0.9,1000,-2532.4902730651766
13,1000,5,0.9,Optimal,626.0218971756574
14,1000,5,0.9,Dynamic,612.3537466172372
0,1000,5,0.95,1,625.5175530287133
1,1000,5,0.95,2,635.3721659008776
2,1000,5,0.95,3,641.8151528707582
3,1000,5,0.95,4,640.0116009641274
4,1000,5,0.95,5,637.3992310846844
5,1000,5,0.95,7,631.9713520575893
6,1000,5,0.95,9,625.5767572011026
7,1000,5,0.95,12,615.9100358928295
8,1000,5,0.95,15,606.5440793407786
9,1000,5,0.95,20,590.2391309714028
10,1000,5,0.95,40,525.0193374938999
11,1000,5,0.95,80,394.5797505388936
12,1000,5,0.95,1000,-2605.5307494262483
13,1000,5,0.95,Optimal,649.736226262336
14,1000,5,0.95,Dynamic,641.7761691313721
0,1000,5,1.0,1,651.1143331236734
1,1000,5,1.0,2,647.8587614580551
2,1000,5,1.0,3,644.6031897924366
3,1000,5,1.0,4,641.3476181268181
4,1000,5,1.0,5,638.0920464612
5,1000,5,1.0,7,631.5809031299631
6,1000,5,1.0,9,625.0697597987264
7,1000,5,1.0,12,615.3030448018714
8,1000,5,1.0,15,605.5363298050163
9,1000,5,1.0,20,589.2584714769245
10,1000,5,1.0,40,524.1470381645571
11,1000,5,1.0,80,393.9241715398225
12,1000,5,1.0,1000,-2601.2017608290753
13,1000,5,1.0,Optimal,651.1143331236734
14,1000,5,1.0,Dynamic,651.1143331236734
0,1000,10,0.25,1,68.02963271317135
1,1000,10,0.25,2,130.5033402775383
2,1000,10,0.25,3,155.83306496225333
3,1000,10,0.25,4,167.3197459630286
4,1000,10,0.25,5,174.98409940670362
5,1000,10,0.25,7,188.92117739803737
6,1000,10,0.25,9,195.93712723452137
7,1000,10,0.25,12,196.3853100939329
8,1000,10,0.25,15,197.80763190602104
9,1000,10,0.25,20,195.98563552783747
10,1000,10,0.25,40,158.80065867115513
11,1000,10,0.25,80,59.53890967099402
12,1000,10,0.25,1000,-2893.01074870432
13,1000,10,0.25,Optimal,225.48651651052694
14,1000,10,0.25,Dynamic,197.12678690326976
0,1000,10,0.5,1,166.96557959778286
1,1000,10,0.5,2,209.36044210790203
2,1000,10,0.5,3,226.28083622209374
3,1000,10,0.5,4,234.53391020352683
4,1000,10,0.5,5,242.10370989931772
5,1000,10,0.5,7,245.3496211292064
6,1000,10,0.5,9,246.77533769181372
7,1000,10,0.5,12,248.22514888764115
8,1000,10,0.5,15,245.2589800831215
9,1000,10,0.5,20,238.1283511056893
10,1000,10,0.5,40,187.05255072751552
11,1000,10,0.5,80,66.3212374419933
12,1000,10,0.5,1000,-2942.6603690695893
13,1000,10,0.5,Optimal,274.8148779473544
14,1000,10,0.5,Dynamic,247.5537156475271
0,1000,10,0.7,1,215.52709170054368
1,1000,10,0.7,2,251.9053455785728
2,1000,10,0.7,3,265.21471000477436
3,1000,10,0.7,4,271.6512411601691
4,1000,10,0.7,5,272.84928892438745
5,1000,10,0.7,7,274.10488611149293
6,1000,10,0.7,9,277.0616991236629
7,1000,10,0.7,12,272.1111965473954
8,1000,10,0.7,15,266.00192168118264
9,1000,10,0.7,20,252.07880887242464
10,1000,10,0.7,40,192.63147286110635
11,1000,10,0.7,80,66.79328373308482
12,1000,10,0.7,1000,-2887.3649501770415
13,1000,10,0.7,Optimal,296.4651368291271
14,1000,10,0.7,Dynamic,274.18462155679305
0,1000,10,0.8,1,261.75414055849444
1,1000,10,0.8,2,283.131579858368
2,1000,10,0.8,3,289.42183148581216
3,1000,10,0.8,4,291.2174271709062
4,1000,10,0.8,5,292.94526498391815
5,1000,10,0.8,7,292.933530258456
6,1000,10,0.8,9,288.5745559059049
7,1000,10,0.8,12,281.5013346978482
8,1000,10,0.8,15,275.38644747869847
9,1000,10,0.8,20,259.7345295611834
10,1000,10,0.8,40,197.9866762945424
11,1000,10,0.8,80,68.39298108877705
12,1000,10,0.8,1000,-2933.526451622858
13,1000,10,0.8,Optimal,309.2486638673199
14,1000,10,0.8,Dynamic,293.9653330938783
0,1000,10,0.85,1,277.20411540461794
1,1000,10,0.85,2,292.2228435207325
2,1000,10,0.85,3,297.00158100102817
3,1000,10,0.85,4,298.79551383220127
4,1000,10,0.85,5,296.9263336283389
5,1000,10,0.85,7,293.7448529348967
6,1000,10,0.85,9,289.0282417417536
7,1000,10,0.85,12,280.8452695869734
8,1000,10,0.85,15,272.9607972125266
9,1000,10,0.85,20,257.82977633148005
10,1000,10,0.85,40,194.71619278821566
11,1000,10,0.85,80,67.06226666484729
12,1000,10,0.85,1000,-2870.9037015094154
13,1000,10,0.85,Optimal,309.5572944597124
14,1000,10,0.85,Dynamic,298.02554875989466
0,1000,10,0.9,1,287.9212618014653
1,1000,10,0.9,2,303.73082059719235
2,1000,10,0.9,3,307.44985666684516
3,1000,10,0.9,4,308.0250546106145
4,1000,10,0.9,5,306.34048245212347
5,1000,10,0.9,7,303.87317023846384
6,1000,10,0.9,9,298.6288167524068
7,1000,10,0.9,12,290.13605271398797
8,1000,10,0.9,15,281.21469631573177
9,1000,10,0.9,20,264.86500466946825
10,1000,10,0.9,40,199.70569117551867
11,1000,10,0.9,80,68.75113958501464
12,1000,10,0.9,1000,-2943.203546996578
13,1000,10,0.9,Optimal,319.50215695733874
14,1000,10,0.9,Dynamic,307.26768849847934
0,1000,10,0.95,1,300.85147891438885
1,1000,10,0.95,2,307.50958690489205
2,1000,10,0.95,3,306.95547824532923
3,1000,10,0.95,4,307.9145593979411
4,1000,10,0.95,5,306.4721017363573
5,1000,10,0.95,7,300.8917999638208
6,1000,10,0.95,9,294.6436563153928
7,1000,10,0.95,12,285.83387683696964
8,1000,10,0.95,15,276.4035748021001
9,1000,10,0.95,20,260.3406150875346
10,1000,10,0.95,40,196.1962857362293
11,1000,10,0.95,80,67.54298361411173
12,1000,10,0.95,1000,-2891.4829651945925
13,1000,10,0.95,Optimal,316.3438751694272
14,1000,10,0.95,Dynamic,309.03179795872995
0,1000,10,1.0,1,332.2951404384658
1,1000,10,1.0,2,328.97218903408117
2,1000,10,1.0,3,325.64923762969653
3,1000,10,1.0,4,322.3262862253119
4,1000,10,1.0,5,319.0033348209272
5,1000,10,1.0,7,312.35743201215786
6,1000,10,1.0,9,305.7115292033886
7,1000,10,1.0,12,295.7426749902346
8,1000,10,1.0,15,285.7738207770806
9,1000,10,1.0,20,269.1590637551573
10,1000,10,1.0,40,202.70003566746422
11,1000,10,1.0,80,69.78197949207782
12,1000,10,1.0,1000,-2987.333312541807
13,1000,10,1.0,Optimal,332.2951404384658
14,1000,10,1.0,Dynamic,332.2951404384658
0,1000,25,0.25,1,33.5331829848425
1,1000,25,0.25,2,48.95884006063541
2,1000,25,0.25,3,57.47334354306089
3,1000,25,0.25,4,63.03662434428415
4,1000,25,0.25,5,65.45626587451997
5,1000,25,0.25,7,67.41841561692657
6,1000,25,0.25,9,66.27624855387667
7,1000,25,0.25,12,63.64780093493316
8,1000,25,0.25,15,58.923308136292334
9,1000,25,0.25,20,49.86063899987129
10,1000,25,0.25,40,2.61809995269862
11,1000,25,0.25,80,-109.57880559621856
12,1000,25,0.25,1000,-3138.3989710677474
13,1000,25,0.25,Optimal,78.47277210311789
14,1000,25,0.25,Dynamic,67.37868088559115
0,1000,25,0.5,1,70.01466003863536
1,1000,25,0.5,2,81.18570571429544
2,1000,25,0.5,3,87.17783684135625
3,1000,25,0.5,4,87.51211046775212
4,1000,25,0.5,5,90.6778996671039
5,1000,25,0.5,7,90.74597031293412
6,1000,25,0.5,9,87.74177977367533
7,1000,25,0.5,12,82.02201342103461
8,1000,25,0.5,15,74.3707591451974
9,1000,25,0.5,20,61.02308531539192
10,1000,25,0.5,40,3.031467418505618
11,1000,25,0.5,80,-122.64358301002378
12,1000,25,0.5,1000,-3132.08294479671
13,1000,25,0.5,Optimal,102.64380728351841
14,1000,25,0.5,Dynamic,91.18914950936913
0,1000,25,0.7,1,91.98534078521996
1,1000,25,0.7,2,103.17248686784899
2,1000,25,0.7,3,106.892734956651
3,1000,25,0.7,4,106.1780828230107
4,1000,25,0.7,5,104.44292797178679
5,1000,25,0.7,7,101.05508978002193
6,1000,25,0.7,9,97.05940179020784
7,1000,25,0.7,12,89.26514947085988
8,1000,25,0.7,15,81.2220583974242
9,1000,25,0.7,20,66.53171890405939
10,1000,25,0.7,40,3.2299530796895626
11,1000,25,0.7,80,-127.56635952885155
12,1000,25,0.7,1000,-3162.6934488608204
13,1000,25,0.7,Optimal,114.05498625473378
14,1000,25,0.7,Dynamic,106.49702129132046
0,1000,25,0.8,1,109.36786149028114
1,1000,25,0.8,2,113.07366463653257
2,1000,25,0.8,3,113.31233923853748
3,1000,25,0.8,4,111.76927201036196
4,1000,25,0.8,5,110.02638066791248
5,1000,25,0.8,7,106.73621153355448
6,1000,25,0.8,9,101.4264043588093
7,1000,25,0.8,12,92.95161443087889
8,1000,25,0.8,15,83.54645244681464
9,1000,25,0.8,20,67.77691784414121
10,1000,25,0.8,40,3.2580772732508776
11,1000,25,0.8,80,-127.3036615522964
12,1000,25,0.8,1000,-3137.218085905077
13,1000,25,0.8,Optimal,120.48811269846978
14,1000,25,0.8,Dynamic,113.23020456624086
0,1000,25,0.85,1,111.24411436018953
1,1000,25,0.85,2,116.6375783525103
2,1000,25,0.85,3,117.39642432304045
3,1000,25,0.85,4,115.80036945647466
4,1000,25,0.85,5,114.15009403106629
5,1000,25,0.85,7,109.4158779361825
6,1000,25,0.85,9,103.72646053978741
7,1000,25,0.85,12,94.46799124780037
8,1000,25,0.85,15,84.85316731584336
9,1000,25,0.85,20,68.71876310702852
10,1000,25,0.85,40,3.290493971429021
11,1000,25,0.85,80,-128.34288540556557
12,1000,25,0.85,1000,-3161.1642233140424
13,1000,25,0.85,Optimal,123.65387753367209
14,1000,25,0.85,Dynamic,117.92820523113205
0,1000,25,0.9,1,117.23725475014497
1,1000,25,0.9,2,121.20374014911457
2,1000,25,0.9,3,119.91050201774505
3,1000,25,0.9,4,118.22800217477555
4,1000,25,0.9,5,115.54120647991677
5,1000,25,0.9,7,109.52133586035028
6,1000,25,0.9,9,103.37196939572128
7,1000,25,0.9,12,93.91933291434485
8,1000,25,0.9,15,84.27131521939609
9,1000,25,0.9,20,68.15442736011012
10,1000,25,0.9,40,3.245944020367763
11,1000,25,0.9,80,-126.60230711934341
12,1000,25,0.9,1000,-3113.118269934624
13,1000,25,0.9,Optimal,125.82515519787448
14,1000,25,0.9,Dynamic,122.13367769739718
0,1000,25,0.95,1,122.47239448358741
1,1000,25,0.95,2,123.1562127100043
2,1000,25,0.95,3,121.93878785980286
3,1000,25,0.95,4,119.42640825938057
4,1000,25,0.95,5,116.58735195186983
5,1000,25,0.95,7,110.14279426486432
6,1000,25,0.95,9,103.9008580105579
7,1000,25,0.95,12,94.25063374360685
8,1000,25,0.95,15,84.50056818392335
9,1000,25,0.95,20,68.25045891778426
10,1000,25,0.95,40,3.2500218532278216
11,1000,25,0.95,80,-126.75085227588505
12,1000,25,0.95,1000,-3116.770957245481
13,1000,25,0.95,Optimal,127.1867920757343
14,1000,25,0.95,Dynamic,123.75339242438147
0,1000,25,1.0,1,129.826350566956
1,1000,25,1.0,2,126.5806918027821
2,1000,25,1.0,3,123.33503303860823
3,1000,25,1.0,4,120.08937427443432
4,1000,25,1.0,5,116.84371551026042
5,1000,25,1.0,7,110.3523979819126
6,1000,25,1.0,9,103.8610804535648
7,1000,25,1.0,12,94.1241041610431
8,1000,25,1.0,15,84.3871278685214
9,1000,25,1.0,20,68.15883404765191
10,1000,25,1.0,40,3.2456587641739
11,1000,25,1.0,80,-126.5806918027821
12,1000,25,1.0,1000,-3112.5867548427696
13,1000,25,1.0,Optimal,129.826350566956
14,1000,25,1.0,Dynamic,129.826350566956
0,1000,50,0.25,1,16.780887884166425
1,1000,50,0.25,2,24.012096685791253
2,1000,50,0.25,3,27.511424244857885
3,1000,50,0.25,4,28.528550872342915
4,1000,50,0.25,5,28.31387535456567
5,1000,50,0.25,7,26.957894073135275
6,1000,50,0.25,9,24.229134557737243
7,1000,50,0.25,12,19.307490655423496
8,1000,50,0.25,15,13.310067404274092
9,1000,50,0.25,20,2.3153687054692598
10,1000,50,0.25,40,-48.30833467733754
11,1000,50,0.25,80,-164.78461104949358
12,1000,50,0.25,1000,-3177.1034611052855
13,1000,50,0.25,Optimal,34.16087262125272
14,1000,50,0.25,Dynamic,28.598921331070436
0,1000,50,0.5,1,29.736712114579127
1,1000,50,0.5,2,38.042916563311756
2,1000,50,0.5,3,41.377137415223835
3,1000,50,0.5,4,40.32988135466315
4,1000,50,0.5,5,39.49665099142756
5,1000,50,0.5,7,36.30966521639443
6,1000,50,0.5,9,31.96522401212675
7,1000,50,0.5,12,24.408643859834974
8,1000,50,0.5,15,16.60747631782195
9,1000,50,0.5,20,2.857004491577091
10,1000,50,0.5,40,-56.125220979364265
11,1000,50,0.5,80,-180.9526989674036
12,1000,50,0.5,1000,-3139.17638054646
13,1000,50,0.5,Optimal,46.16288692685239
14,1000,50,0.5,Dynamic,40.267104069078684
0,1000,50,0.7,1,47.0499120935276
1,1000,50,0.7,2,50.32427559880423
2,1000,50,0.7,3,49.56478364131919
3,1000,50,0.7,4,48.17942698689386
4,1000,50,0.7,5,46.097912330562494
5,1000,50,0.7,7,41.282012166169494
6,1000,50,0.7,9,35.63693935189496
7,1000,50,0.7,12,27.735861156753426
8,1000,50,0.7,15,18.619296499496766
9,1000,50,0.7,20,3.152978322375645
10,1000,50,0.7,40,-60.9799900177656
11,1000,50,0.7,80,-191.85327726583478
12,1000,50,0.7,1000,-3209.083345701964
13,1000,50,0.7,Optimal,54.5854275169952
14,1000,50,0.7,Dynamic,50.00430284495046
0,1000,50,0.8,1,54.85248522674815
1,1000,50,0.8,2,56.24508626935146
2,1000,50,0.8,3,54.610767716712054
3,1000,50,0.8,4,52.12258496699506
4,1000,50,0.8,5,49.75648563364845
5,1000,50,0.8,7,43.85418837865852
6,1000,50,0.8,9,38.15281024821533
7,1000,50,0.8,12,28.991224004317395
8,1000,50,0.8,15,19.463122129747607
9,1000,50,0.8,20,3.2605655177796407
10,1000,50,0.8,40,-62.571771619304016
11,1000,50,0.8,80,-195.34721622986987
12,1000,50,0.8,1000,-3243.182172645124
13,1000,50,0.8,Optimal,59.4080943049203
14,1000,50,0.8,Dynamic,56.330023421993964
0,1000,50,0.85,1,56.77680698996839
1,1000,50,0.85,2,58.15358500717911
2,1000,50,0.85,3,56.54544785580885
3,1000,50,0.85,4,54.39199342308302
4,1000,50,0.85,5,51.79506102197897
5,1000,50,0.85,7,45.50715218966795
6,1000,50,0.85,9,39.3147862542408
7,1000,50,0.85,12,29.643891479131202
8,1000,50,0.85,15,19.806692256768617
9,1000,50,0.85,20,3.3053369086657396
10,1000,50,0.85,40,-62.9931274991311
11,1000,50,0.85,80,-196.04012046764092
12,1000,50,0.85,1000,-3252.9369142003457
13,1000,50,0.85,Optimal,61.56492861788394
14,1000,50,0.85,Dynamic,58.43300001391698
0,1000,50,0.9,1,57.4218916927966
1,1000,50,0.9,2,58.4608134271925
2,1000,50,0.9,3,56.42599880423373
3,1000,50,0.9,4,53.713130248498445
4,1000,50,0.9,5,50.742526386381215
5,1000,50,0.9,7,44.74354003075072
6,1000,50,0.9,9,38.48627208934491
7,1000,50,0.9,12,29.051807644935252
8,1000,50,0.9,15,19.373041076060495
9,1000,50,0.9,20,3.2353066185874373
10,1000,50,0.9,40,-61.58952091404447
11,1000,50,0.9,80,-191.25619781864586
12,1000,50,0.9,1000,-3173.55623160092
13,1000,50,0.9,Optimal,60.955020029375994
14,1000,50,0.9,Dynamic,58.40010959297978
0,1000,50,0.95,1,61.2573691504821
1,1000,50,0.95,2,60.37067045408703
2,1000,50,0.95,3,57.76892900433605
3,1000,50,0.95,4,54.82465221142168
4,1000,50,0.95,5,51.68843399970875
5,1000,50,0.95,7,45.30150420286369
6,1000,50,0.95,9,38.88183123342926
7,1000,50,0.95,12,29.20530738144662
8,1000,50,0.95,15,19.470204920964417
9,1000,50,0.95,20,3.245034153494069
10,1000,50,0.95,40,-61.65564891638731
11,1000,50,0.95,80,-191.45701505615017
12,1000,50,0.95,1000,-3176.888436270694
13,1000,50,0.95,Optimal,62.900126123121616
14,1000,50,0.95,Dynamic,61.36675576644641
0,1000,50,1.0,1,65.28408138984948
1,1000,50,1.0,2,62.01987732035701
2,1000,50,1.0,3,58.75567325086453
3,1000,50,1.0,4,55.49146918137205
4,1000,50,1.0,5,52.22726511187959
5,1000,50,1.0,7,45.69885697289464
6,1000,50,1.0,9,39.17044883390969
7,1000,50,1.0,12,29.377836625432266
8,1000,50,1.0,15,19.585224416954844
9,1000,50,1.0,20,3.2642040694924743
10,1000,50,1.0,40,-62.01987732035701
11,1000,50,1.0,80,-192.58804010005596
12,1000,50,1.0,1000,-3195.6557840331325
13,1000,50,1.0,Optimal,65.28408138984948
14,1000,50,1.0,Dynamic,65.28408138984948
0,1000,100,0.25,1,8.446879466183635
1,1000,100,0.25,2,12.42932035936835
2,1000,100,0.25,3,12.95741988649018
3,1000,100,0.25,4,12.630608923101244
4,1000,100,0.25,5,11.159497314167563
5,1000,100,0.25,7,8.343901902947186
6,1000,100,0.25,9,4.356347617205039
7,1000,100,0.25,12,-2.33996945305094
8,1000,100,0.25,15,-9.617171104508905
9,1000,100,0.25,20,-22.516696248243033
10,1000,100,0.25,40,-77.87923060344656
11,1000,100,0.25,80,-198.51579639155366
12,1000,100,0.25,1000,-3225.017025564777
13,1000,100,0.25,Optimal,16.2773586448527
14,1000,100,0.25,Dynamic,12.838152245742355
0,1000,100,0.5,1,17.10820407354537
1,1000,100,0.5,2,18.847011813394086
2,1000,100,0.5,3,17.788990634366524
3,1000,100,0.5,4,16.645340721801798
4,1000,100,0.5,5,14.510407859987742
5,1000,100,0.5,7,10.268709530847405
6,1000,100,0.5,9,5.359157447586673
7,1000,100,0.5,12,-2.7514967297627497
8,1000,100,0.5,15,-11.198706147089949
9,1000,100,0.5,20,-25.659463779426684
10,1000,100,0.5,40,-86.69931931153872
11,1000,100,0.5,80,-213.0823916335445
12,1000,100,0.5,1000,-3164.313539270129
13,1000,100,0.5,Optimal,21.267601741685542
14,1000,100,0.5,Dynamic,18.815600952414723
0,1000,100,0.7,1,22.399650366178154
1,1000,100,0.7,2,23.161746859122214
2,1000,100,0.7,3,21.8960576116222
3,1000,100,0.7,4,19.690244784704763
4,1000,100,0.7,5,17.165884974175263
5,1000,100,0.7,7,11.76303659258075
6,1000,100,0.7,9,6.027588888754217
7,1000,100,0.7,12,-3.0805022450494732
8,1000,100,0.7,15,-12.390331317341742
9,1000,100,0.7,20,-28.01763038595477
10,1000,100,0.7,40,-91.54655261037713
11,1000,100,0.7,80,-221.03126263478862
12,1000,100,0.7,1000,-3187.19265521113
13,1000,100,0.7,Optimal,25.457827402417447
14,1000,100,0.7,Dynamic,22.91340979488453
0,1000,100,0.8,1,25.905332847800146
1,1000,100,0.8,2,25.580427902845695
2,1000,100,0.8,3,23.722417697916605
3,1000,100,0.8,4,21.119336208136144
4,1000,100,0.8,5,18.271353426263655
5,1000,100,0.8,7,12.362078790358735
6,1000,100,0.8,9,6.274992836873114
7,1000,100,0.8,12,-3.159720696920912
8,1000,100,0.8,15,-12.74285050442167
9,1000,100,0.8,20,-28.84992356684053
10,1000,100,0.8,40,-93.633793590337
11,1000,100,0.8,80,-223.2560835048541
12,1000,100,0.8,1000,-3207.9495767549156
13,1000,100,0.8,Optimal,27.852393635060512
14,1000,100,0.8,Dynamic,25.940582347463376
0,1000,100,0.85,1,27.357322854292985
1,1000,100,0.85,2,25.997257634763887
2,1000,100,0.85,3,23.794427153399564
3,1000,100,0.85,4,21.043084714692885
4,1000,100,0.85,5,18.283290154434177
5,1000,100,0.85,7,12.367995469505708
6,1000,100,0.85,9,6.234090249565346
7,1000,100,0.85,12,-3.14456018631695
8,1000,100,0.85,15,-12.581760054266777
9,1000,100,0.85,20,-28.431752454442467
10,1000,100,0.85,40,-92.42736329677302
11,1000,100,0.85,80,-220.2573097843041
12,1000,100,0.85,1000,-3157.131065854273
13,1000,100,0.85,Optimal,28.397664919362047
14,1000,100,0.85,Dynamic,27.136153091598285
0,1000,100,0.9,1,28.622257343151723
1,1000,100,0.9,2,27.38341254600924
2,1000,100,0.9,3,24.74170851845931
3,1000,100,0.9,4,21.822169493625992
4,1000,100,0.9,5,18.83970015077062
5,1000,100,0.9,7,12.631096928580956
6,1000,100,0.9,9,6.319606579056446
7,1000,100,0.9,12,-3.182999286178585
8,1000,100,0.9,15,-12.779601141509104
9,1000,100,0.9,20,-28.812993507199916
10,1000,100,0.9,40,-93.25689731018086
11,1000,100,0.9,80,-221.88872157570142
12,1000,100,0.9,1000,-3180.4050092517205
13,1000,100,0.9,Optimal,29.50347414615442
14,1000,100,0.9,Dynamic,28.60813797600329
0,1000,100,0.95,1,30.023730555857902
1,1000,100,0.95,2,28.209762667047286
2,1000,100,0.95,3,25.374283293894926
3,1000,100,0.95,4,22.26567990091451
4,1000,100,0.95,5,19.107783383138937
5,1000,100,0.95,7,12.75361406311828
6,1000,100,0.95,9,6.378416084566157
7,1000,100,0.95,12,-3.192671209270443
8,1000,100,0.95,15,-12.7740347765173
9,1000,100,0.95,20,-28.766140079601204
10,1000,100,0.95,40,-92.80236366707798
11,1000,100,0.95,80,-220.80562389753035
12,1000,100,0.95,1000,-3164.8806091979354
13,1000,100,0.95,Optimal,30.57305146613157
14,1000,100,0.95,Dynamic,30.023730555857902
0,1000,100,1.0,1,32.394935396812656
1,1000,100,1.0,2,29.15544185713139
2,1000,100,1.0,3,25.91594831745012
3,1000,100,1.0,4,22.676454777768857
4,1000,100,1.0,5,19.43696123808759
5,1000,100,1.0,7,12.95797415872506
6,1000,100,1.0,9,6.47898707936253
7,1000,100,1.0,12,-3.239493539681265
8,1000,100,1.0,15,-12.95797415872506
9,1000,100,1.0,20,-29.15544185713139
10,1000,100,1.0,40,-93.94531265075669
11,1000,100,1.0,80,-223.5250542380073
12,1000,100,1.0,1000,-3203.8591107447724
13,1000,100,1.0,Optimal,32.394935396812656
14,1000,100,1.0,Dynamic,32.394935396812656
